epoch,_time,action,sessionID,customer,amount
1529423425,2018/06/19 11:50:25 EDT,request,100000,Elton,3576
1529423697,2018/06/19 11:54:57 EDT,request,100001,Octavia,6369
1529424710,2018/06/19 12:11:50 EDT,request,100002,Leslie,9606
1529423307,2018/06/19 11:48:27 EDT,request,100003,Abigail,5836
1529424802,2018/06/19 12:13:22 EDT,request,100004,Chester,3447
1529424555,2018/06/19 12:09:15 EDT,request,100005,Nash,5342
1529423318,2018/06/19 11:48:38 EDT,request,100006,Oren,9574
1529424532,2018/06/19 12:08:52 EDT,request,100007,Knox,3626
1529423433,2018/06/19 11:50:33 EDT,request,100008,Ori,9760
1529423743,2018/06/19 11:55:43 EDT,request,100009,Quinn,7301
1529423212,2018/06/19 11:46:52 EDT,request,100010,Yuli,2365
1529423836,2018/06/19 11:57:16 EDT,request,100011,Hadassah,8702
1529424115,2018/06/19 12:01:55 EDT,request,100012,Abbot,9292
1529423274,2018/06/19 11:47:54 EDT,request,100013,Beatrice,5239
1529424472,2018/06/19 12:07:52 EDT,request,100014,Karina,4360
1529424297,2018/06/19 12:04:57 EDT,request,100015,Bruno,7241
1529423798,2018/06/19 11:56:38 EDT,request,100016,Jana,2517
1529424654,2018/06/19 12:10:54 EDT,request,100017,Macaulay,2182
1529423396,2018/06/19 11:49:56 EDT,request,100018,Hunter,2720
1529423677,2018/06/19 11:54:37 EDT,request,100019,Kamal,7639
1529424201,2018/06/19 12:03:21 EDT,request,100020,Aladdin,4442
1529424441,2018/06/19 12:07:21 EDT,request,100021,Herman,2134
1529423479,2018/06/19 11:51:19 EDT,request,100022,Libby,7277
1529423705,2018/06/19 11:55:05 EDT,request,100023,Ahmed,2145
1529423924,2018/06/19 11:58:44 EDT,request,100024,Malik,6006
1529423995,2018/06/19 11:59:55 EDT,request,100025,Ainsley,4006
1529424119,2018/06/19 12:01:59 EDT,request,100026,Erasmus,8594
1529424911,2018/06/19 12:15:11 EDT,request,100027,Miriam,5685
1529424663,2018/06/19 12:11:03 EDT,request,100028,Kennedy,6103
1529424286,2018/06/19 12:04:46 EDT,request,100029,Jenna,9785
1529423205,2018/06/19 11:46:45 EDT,request,100030,Jada,4879
1529424337,2018/06/19 12:05:37 EDT,request,100031,Cade,5471
1529423269,2018/06/19 11:47:49 EDT,request,100032,Melanie,8917
1529424528,2018/06/19 12:08:48 EDT,request,100033,Victor,7044
1529423261,2018/06/19 11:47:41 EDT,request,100034,Mark,7475
1529423927,2018/06/19 11:58:47 EDT,request,100035,Sheila,4942
1529423172,2018/06/19 11:46:12 EDT,request,100036,Haley,3058
1529424907,2018/06/19 12:15:07 EDT,request,100037,Orla,4921
1529423786,2018/06/19 11:56:26 EDT,request,100038,Samuel,2883
1529423868,2018/06/19 11:57:48 EDT,request,100039,Kevyn,7120
1529423941,2018/06/19 11:59:01 EDT,request,100040,Holly,9176
1529424406,2018/06/19 12:06:46 EDT,request,100041,Keegan,3329
1529423838,2018/06/19 11:57:18 EDT,request,100042,Patricia,3785
1529424640,2018/06/19 12:10:40 EDT,request,100043,Raphael,2870
1529423817,2018/06/19 11:56:57 EDT,request,100044,Oliver,9857
1529423794,2018/06/19 11:56:34 EDT,request,100045,Renee,7012
1529423281,2018/06/19 11:48:01 EDT,request,100046,William,3628
1529423334,2018/06/19 11:48:54 EDT,request,100047,Giselle,4721
1529424845,2018/06/19 12:14:05 EDT,request,100048,Todd,4343
1529424433,2018/06/19 12:07:13 EDT,request,100049,Mark,4164
1529424111,2018/06/19 12:01:51 EDT,request,100050,Tobias,3444
1529424735,2018/06/19 12:12:15 EDT,request,100051,Montana,5876
1529423466,2018/06/19 11:51:06 EDT,request,100052,Avram,2659
1529423728,2018/06/19 11:55:28 EDT,request,100053,Ignatius,3757
1529423790,2018/06/19 11:56:30 EDT,request,100054,Holly,2402
1529424379,2018/06/19 12:06:19 EDT,request,100055,Fay,5951
1529424040,2018/06/19 12:00:40 EDT,request,100056,James,6392
1529424354,2018/06/19 12:05:54 EDT,request,100057,Talon,8978
1529423392,2018/06/19 11:49:52 EDT,request,100058,Merritt,5798
1529424713,2018/06/19 12:11:53 EDT,request,100059,Carissa,3904
1529424069,2018/06/19 12:01:09 EDT,request,100060,Eugenia,8114
1529423722,2018/06/19 11:55:22 EDT,request,100061,Silas,8998
1529424478,2018/06/19 12:07:58 EDT,request,100062,Leigh,7982
1529424923,2018/06/19 12:15:23 EDT,request,100063,Chase,9896
1529424360,2018/06/19 12:06:00 EDT,request,100064,Zachery,9018
1529424641,2018/06/19 12:10:41 EDT,request,100065,Mariko,6435
1529423872,2018/06/19 11:57:52 EDT,request,100066,Aristotle,2878
1529423261,2018/06/19 11:47:41 EDT,request,100067,Courtney,5763
1529423697,2018/06/19 11:54:57 EDT,request,100068,Reed,3302
1529423216,2018/06/19 11:46:56 EDT,request,100069,Adrian,8309
1529423617,2018/06/19 11:53:37 EDT,request,100070,Dane,7039
1529424602,2018/06/19 12:10:02 EDT,request,100071,Keaton,5796
1529424683,2018/06/19 12:11:23 EDT,request,100072,Jamalia,7880
1529424315,2018/06/19 12:05:15 EDT,request,100073,Fletcher,7687
1529423845,2018/06/19 11:57:25 EDT,request,100074,Cleo,9351
1529423369,2018/06/19 11:49:29 EDT,request,100075,Mariam,3718
1529423227,2018/06/19 11:47:07 EDT,request,100076,Kamal,8760
1529423476,2018/06/19 11:51:16 EDT,request,100077,Colton,7260
1529423807,2018/06/19 11:56:47 EDT,request,100078,Norman,9690
1529423408,2018/06/19 11:50:08 EDT,request,100079,Leroy,6280
1529423508,2018/06/19 11:51:48 EDT,request,100080,Damon,2147
1529423818,2018/06/19 11:56:58 EDT,request,100081,Nolan,9792
1529423593,2018/06/19 11:53:13 EDT,request,100082,Sloane,2829
1529424691,2018/06/19 12:11:31 EDT,request,100083,Nathan,4164
1529423520,2018/06/19 11:52:00 EDT,request,100084,Alyssa,9626
1529423531,2018/06/19 11:52:11 EDT,request,100085,Skyler,3432
1529423561,2018/06/19 11:52:41 EDT,request,100086,Chloe,9417
1529423905,2018/06/19 11:58:25 EDT,request,100087,Amos,5159
1529423293,2018/06/19 11:48:13 EDT,request,100088,Claudia,3700
1529423368,2018/06/19 11:49:28 EDT,request,100089,Cameran,3757
1529424919,2018/06/19 12:15:19 EDT,request,100090,Tiger,4690
1529424168,2018/06/19 12:02:48 EDT,request,100091,Ulysses,7839
1529424761,2018/06/19 12:12:41 EDT,request,100092,Vaughan,3076
1529423427,2018/06/19 11:50:27 EDT,request,100093,Ursula,2495
1529424075,2018/06/19 12:01:15 EDT,request,100094,Winifred,2113
1529423202,2018/06/19 11:46:42 EDT,request,100095,Emerson,9308
1529423359,2018/06/19 11:49:19 EDT,request,100096,Kirby,4121
1529423637,2018/06/19 11:53:57 EDT,request,100097,Colin,6549
1529423994,2018/06/19 11:59:54 EDT,request,100098,Halee,3124
1529423209,2018/06/19 11:46:49 EDT,request,100099,Oleg,6472
1529424432,2018/06/19 12:07:12 EDT,request,100101,Blair,2344
1529423935,2018/06/19 11:58:55 EDT,request,100102,Yoko,5387
1529424001,2018/06/19 12:00:01 EDT,request,100103,Uta,8523
1529424586,2018/06/19 12:09:46 EDT,request,100104,Yasir,6625
1529423970,2018/06/19 11:59:30 EDT,request,100105,Indira,6795
1529423515,2018/06/19 11:51:55 EDT,request,100106,Constance,3213
1529424895,2018/06/19 12:14:55 EDT,request,100107,Keiko,2478
1529424366,2018/06/19 12:06:06 EDT,request,100108,Daryl,4427
1529423547,2018/06/19 11:52:27 EDT,request,100109,Xantha,4479
1529424461,2018/06/19 12:07:41 EDT,request,100110,Zenia,7467
1529423702,2018/06/19 11:55:02 EDT,request,100111,Tad,2084
1529423918,2018/06/19 11:58:38 EDT,request,100112,Griffin,4684
1529423874,2018/06/19 11:57:54 EDT,request,100113,Yoshi,3814
1529424711,2018/06/19 12:11:51 EDT,request,100114,Geraldine,9793
1529424473,2018/06/19 12:07:53 EDT,request,100115,Victor,6879
1529424813,2018/06/19 12:13:33 EDT,request,100116,Amity,4157
1529424236,2018/06/19 12:03:56 EDT,request,100117,Sigourney,6808
1529424030,2018/06/19 12:00:30 EDT,request,100118,Cairo,4775
1529424299,2018/06/19 12:04:59 EDT,request,100119,Kibo,7279
1529423622,2018/06/19 11:53:42 EDT,request,100120,Sawyer,2260
1529424039,2018/06/19 12:00:39 EDT,request,100121,Kameko,9604
1529424811,2018/06/19 12:13:31 EDT,request,100122,Shelly,8021
1529424573,2018/06/19 12:09:33 EDT,request,100123,Gillian,6410
1529423151,2018/06/19 11:45:51 EDT,request,100124,Nigel,9304
1529424635,2018/06/19 12:10:35 EDT,request,100125,Amber,5666
1529424833,2018/06/19 12:13:53 EDT,request,100126,September,9121
1529423213,2018/06/19 11:46:53 EDT,request,100127,Len,9423
1529424039,2018/06/19 12:00:39 EDT,request,100128,Owen,3923
1529423707,2018/06/19 11:55:07 EDT,request,100129,August,5597
1529423789,2018/06/19 11:56:29 EDT,request,100130,Leonard,8274
1529424397,2018/06/19 12:06:37 EDT,request,100131,Ariana,3329
1529424387,2018/06/19 12:06:27 EDT,request,100132,Isabelle,7450
1529423174,2018/06/19 11:46:14 EDT,request,100133,Emery,7406
1529424666,2018/06/19 12:11:06 EDT,request,100134,Ezra,5408
1529423734,2018/06/19 11:55:34 EDT,request,100135,Judah,3096
1529424429,2018/06/19 12:07:09 EDT,request,100136,Byron,4045
1529424241,2018/06/19 12:04:01 EDT,request,100137,Fritz,2184
1529423849,2018/06/19 11:57:29 EDT,request,100138,Zephr,5263
1529423911,2018/06/19 11:58:31 EDT,request,100139,Lani,7693
1529423274,2018/06/19 11:47:54 EDT,request,100140,Ashely,8955
1529424884,2018/06/19 12:14:44 EDT,request,100141,Jamalia,2521
1529424422,2018/06/19 12:07:02 EDT,request,100142,Virginia,9511
1529424654,2018/06/19 12:10:54 EDT,request,100143,Zephr,7144
1529423410,2018/06/19 11:50:10 EDT,request,100144,Martena,3764
1529423183,2018/06/19 11:46:23 EDT,request,100145,Hannah,5529
1529424775,2018/06/19 12:12:55 EDT,request,100146,Jael,4704
1529423995,2018/06/19 11:59:55 EDT,request,100147,Jerome,2763
1529424826,2018/06/19 12:13:46 EDT,request,100148,Ava,8324
1529424486,2018/06/19 12:08:06 EDT,request,100149,Steven,9584
1529423367,2018/06/19 11:49:27 EDT,request,100150,Kasimir,7687
1529423163,2018/06/19 11:46:03 EDT,request,100151,Arsenio,2698
1529423929,2018/06/19 11:58:49 EDT,request,100152,Ebony,4548
1529424707,2018/06/19 12:11:47 EDT,request,100153,Fritz,6415
1529423485,2018/06/19 11:51:25 EDT,request,100154,Doris,5523
1529424928,2018/06/19 12:15:28 EDT,request,100155,Cally,4802
1529424339,2018/06/19 12:05:39 EDT,request,100156,Edan,7368
1529424363,2018/06/19 12:06:03 EDT,request,100157,Zane,8072
1529424519,2018/06/19 12:08:39 EDT,request,100158,Brielle,7426
1529424029,2018/06/19 12:00:29 EDT,request,100159,Justin,9607
1529423409,2018/06/19 11:50:09 EDT,request,100160,Lyle,6596
1529424208,2018/06/19 12:03:28 EDT,request,100161,Kibo,5673
1529423770,2018/06/19 11:56:10 EDT,request,100162,Carlos,3429
1529424757,2018/06/19 12:12:37 EDT,request,100163,Drew,6106
1529424911,2018/06/19 12:15:11 EDT,request,100164,Lynn,2916
1529424691,2018/06/19 12:11:31 EDT,request,100165,Calvin,4006
1529423191,2018/06/19 11:46:31 EDT,request,100166,Noah,8268
1529423144,2018/06/19 11:45:44 EDT,request,100167,Mari,7387
1529423139,2018/06/19 11:45:39 EDT,request,100168,Wing,6115
1529423683,2018/06/19 11:54:43 EDT,request,100169,Orli,4067
1529424497,2018/06/19 12:08:17 EDT,request,100170,Samuel,4687
1529424255,2018/06/19 12:04:15 EDT,request,100171,Sasha,7541
1529423677,2018/06/19 11:54:37 EDT,request,100172,Gemma,7939
1529423749,2018/06/19 11:55:49 EDT,request,100173,Jillian,8870
1529423921,2018/06/19 11:58:41 EDT,request,100174,Kirk,8439
1529424337,2018/06/19 12:05:37 EDT,request,100175,Rajah,5308
1529423456,2018/06/19 11:50:56 EDT,request,100176,Palmer,8406
1529424908,2018/06/19 12:15:08 EDT,request,100177,Rana,8153
1529424092,2018/06/19 12:01:32 EDT,request,100178,Fuller,7768
1529424822,2018/06/19 12:13:42 EDT,request,100179,Jemima,7942
1529423786,2018/06/19 11:56:26 EDT,request,100180,Ivy,9682
1529423326,2018/06/19 11:48:46 EDT,request,100181,Brady,7366
1529424165,2018/06/19 12:02:45 EDT,request,100182,Jelani,5923
1529424030,2018/06/19 12:00:30 EDT,request,100183,Willa,8359
1529423461,2018/06/19 11:51:01 EDT,request,100184,Howard,5037
1529423583,2018/06/19 11:53:03 EDT,request,100185,Erica,2339
1529424714,2018/06/19 12:11:54 EDT,request,100186,Otto,4955
1529424443,2018/06/19 12:07:23 EDT,request,100187,Catherine,7783
1529424746,2018/06/19 12:12:26 EDT,request,100188,Penelope,7204
1529423364,2018/06/19 11:49:24 EDT,request,100189,Baxter,7442
1529423249,2018/06/19 11:47:29 EDT,request,100190,Nadine,8513
1529423201,2018/06/19 11:46:41 EDT,request,100191,Merritt,5868
1529423528,2018/06/19 11:52:08 EDT,request,100192,Nadine,3913
1529423444,2018/06/19 11:50:44 EDT,request,100193,Troy,4798
1529424910,2018/06/19 12:15:10 EDT,request,100194,Owen,2811
1529423937,2018/06/19 11:58:57 EDT,request,100195,Jermaine,6619
1529424473,2018/06/19 12:07:53 EDT,request,100196,Oscar,3572
1529423978,2018/06/19 11:59:38 EDT,request,100197,Aileen,6820
1529423327,2018/06/19 11:48:47 EDT,request,100198,Hilda,4998
1529423952,2018/06/19 11:59:12 EDT,request,100199,Jennifer,2669
1529424349,2018/06/19 12:05:49 EDT,request,100200,Kasper,5430
1529423393,2018/06/19 11:49:53 EDT,request,100201,Justine,4920
1529423530,2018/06/19 11:52:10 EDT,request,100202,Justin,9695
1529424319,2018/06/19 12:05:19 EDT,request,100203,Dominic,4114
1529424785,2018/06/19 12:13:05 EDT,request,100204,Hashim,2657
1529424412,2018/06/19 12:06:52 EDT,request,100205,Rhiannon,6265
1529423447,2018/06/19 11:50:47 EDT,request,100206,Matthew,4816
1529423575,2018/06/19 11:52:55 EDT,request,100207,Avram,6299
1529423741,2018/06/19 11:55:41 EDT,request,100208,Magee,6886
1529424318,2018/06/19 12:05:18 EDT,request,100209,Katelyn,5249
1529423849,2018/06/19 11:57:29 EDT,request,100210,Olivia,9170
1529424356,2018/06/19 12:05:56 EDT,request,100211,Liberty,2115
1529424165,2018/06/19 12:02:45 EDT,request,100212,Emerson,9151
1529423371,2018/06/19 11:49:31 EDT,request,100213,Hollee,6983
1529423497,2018/06/19 11:51:37 EDT,request,100214,Cain,8416
1529423649,2018/06/19 11:54:09 EDT,request,100215,Raphael,6242
1529424079,2018/06/19 12:01:19 EDT,request,100216,Shelley,7650
1529423551,2018/06/19 11:52:31 EDT,request,100217,Igor,6160
1529424318,2018/06/19 12:05:18 EDT,request,100218,Vielka,5429
1529423427,2018/06/19 11:50:27 EDT,request,100219,Yoshio,4535
1529423180,2018/06/19 11:46:20 EDT,request,100220,Mohammad,8738
1529424324,2018/06/19 12:05:24 EDT,request,100221,Aubrey,6725
1529423247,2018/06/19 11:47:27 EDT,request,100222,Dara,8672
1529424237,2018/06/19 12:03:57 EDT,request,100223,Alma,5972
1529423593,2018/06/19 11:53:13 EDT,request,100224,Lewis,8487
1529423853,2018/06/19 11:57:33 EDT,request,100225,Janna,2351
1529423374,2018/06/19 11:49:34 EDT,request,100226,Griffin,2166
1529424830,2018/06/19 12:13:50 EDT,request,100227,Daryl,9909
1529423427,2018/06/19 11:50:27 EDT,request,100228,Quemby,8207
1529424075,2018/06/19 12:01:15 EDT,request,100229,Alan,9861
1529424909,2018/06/19 12:15:09 EDT,request,100230,Bradley,2915
1529424625,2018/06/19 12:10:25 EDT,request,100231,Iris,2372
1529424155,2018/06/19 12:02:35 EDT,request,100232,Sheila,2398
1529424332,2018/06/19 12:05:32 EDT,request,100233,Hammett,5694
1529424481,2018/06/19 12:08:01 EDT,request,100234,Kasimir,9292
1529424840,2018/06/19 12:14:00 EDT,request,100235,Josephine,8889
1529424068,2018/06/19 12:01:08 EDT,request,100236,Darryl,9671
1529424671,2018/06/19 12:11:11 EDT,request,100237,Kelsie,9779
1529423428,2018/06/19 11:50:28 EDT,request,100238,Christian,4024
1529423278,2018/06/19 11:47:58 EDT,request,100239,Dominique,5216
1529424148,2018/06/19 12:02:28 EDT,request,100240,Destiny,3127
1529423376,2018/06/19 11:49:36 EDT,request,100241,Quyn,4930
1529424049,2018/06/19 12:00:49 EDT,request,100242,Hamish,4293
1529424485,2018/06/19 12:08:05 EDT,request,100243,Venus,7913
1529424432,2018/06/19 12:07:12 EDT,request,100244,Cody,6520
1529424463,2018/06/19 12:07:43 EDT,request,100245,Phillip,8895
1529424035,2018/06/19 12:00:35 EDT,request,100246,Marvin,8981
1529423261,2018/06/19 11:47:41 EDT,request,100247,Lewis,5082
1529423339,2018/06/19 11:48:59 EDT,request,100248,Rhona,6528
1529423659,2018/06/19 11:54:19 EDT,request,100249,Aladdin,8264
1529423787,2018/06/19 11:56:27 EDT,request,100250,Adam,5822
1529424259,2018/06/19 12:04:19 EDT,request,100251,Reece,7074
1529424667,2018/06/19 12:11:07 EDT,request,100252,Sierra,9198
1529424837,2018/06/19 12:13:57 EDT,request,100253,Hilary,3080
1529423285,2018/06/19 11:48:05 EDT,request,100254,Coby,7205
1529424456,2018/06/19 12:07:36 EDT,request,100255,Rylee,7820
1529423464,2018/06/19 11:51:04 EDT,request,100256,Keegan,4809
1529423807,2018/06/19 11:56:47 EDT,request,100257,Kimberly,4234
1529424848,2018/06/19 12:14:08 EDT,request,100258,Lynn,5785
1529424426,2018/06/19 12:07:06 EDT,request,100259,Uriah,3060
1529423816,2018/06/19 11:56:56 EDT,request,100260,Joseph,3246
1529424527,2018/06/19 12:08:47 EDT,request,100261,Bradley,9750
1529423347,2018/06/19 11:49:07 EDT,request,100262,Irene,3061
1529423138,2018/06/19 11:45:38 EDT,request,100263,Nissim,9776
1529423689,2018/06/19 11:54:49 EDT,request,100264,Hiroko,9850
1529424456,2018/06/19 12:07:36 EDT,request,100265,Chaney,6303
1529423198,2018/06/19 11:46:38 EDT,request,100266,Dorian,6658
1529424019,2018/06/19 12:00:19 EDT,request,100267,Ciaran,2793
1529423362,2018/06/19 11:49:22 EDT,request,100268,Armand,6633
1529423219,2018/06/19 11:46:59 EDT,request,100269,Reuben,8092
1529424240,2018/06/19 12:04:00 EDT,request,100270,Ignacia,8712
1529424871,2018/06/19 12:14:31 EDT,request,100271,Ahmed,5037
1529424186,2018/06/19 12:03:06 EDT,request,100272,Colt,3763
1529424653,2018/06/19 12:10:53 EDT,request,100273,Colby,8052
1529423498,2018/06/19 11:51:38 EDT,request,100274,Kevin,9947
1529424525,2018/06/19 12:08:45 EDT,request,100275,Anthony,4953
1529423494,2018/06/19 11:51:34 EDT,request,100276,Brennan,3249
1529423432,2018/06/19 11:50:32 EDT,request,100277,Riley,8258
1529423529,2018/06/19 11:52:09 EDT,request,100278,Tallulah,6312
1529424066,2018/06/19 12:01:06 EDT,request,100279,Chantale,5311
1529423241,2018/06/19 11:47:21 EDT,request,100280,Candace,6720
1529423658,2018/06/19 11:54:18 EDT,request,100281,MacKenzie,7791
1529423525,2018/06/19 11:52:05 EDT,request,100282,Paul,3860
1529424256,2018/06/19 12:04:16 EDT,request,100283,Carson,7708
1529423731,2018/06/19 11:55:31 EDT,request,100284,Walter,7183
1529423780,2018/06/19 11:56:20 EDT,request,100285,Yuli,9584
1529424196,2018/06/19 12:03:16 EDT,request,100286,Ignacia,3306
1529423195,2018/06/19 11:46:35 EDT,request,100287,Fletcher,8547
1529423295,2018/06/19 11:48:15 EDT,request,100288,Thane,8425
1529423952,2018/06/19 11:59:12 EDT,request,100289,Rhea,9737
1529423820,2018/06/19 11:57:00 EDT,request,100290,Desiree,3120
1529424869,2018/06/19 12:14:29 EDT,request,100291,Tanek,4834
1529424151,2018/06/19 12:02:31 EDT,request,100292,Zane,6708
1529423466,2018/06/19 11:51:06 EDT,request,100293,Briar,4477
1529423446,2018/06/19 11:50:46 EDT,request,100294,Jonah,9570
1529424026,2018/06/19 12:00:26 EDT,request,100295,Chandler,4304
1529423222,2018/06/19 11:47:02 EDT,request,100296,Marvin,5790
1529423986,2018/06/19 11:59:46 EDT,request,100297,Kibo,2014
1529423911,2018/06/19 11:58:31 EDT,request,100298,Sharon,2402
1529424125,2018/06/19 12:02:05 EDT,request,100299,Pascale,4579
1529424498,2018/06/19 12:08:18 EDT,request,100300,Arden,7294
1529423333,2018/06/19 11:48:53 EDT,request,100301,Benjamin,5588
1529424214,2018/06/19 12:03:34 EDT,request,100302,Kibo,5930
1529423752,2018/06/19 11:55:52 EDT,request,100303,Kerry,4308
1529424146,2018/06/19 12:02:26 EDT,request,100304,Mark,5595
1529424772,2018/06/19 12:12:52 EDT,request,100305,Rina,3366
1529424424,2018/06/19 12:07:04 EDT,request,100306,Merrill,2816
1529423312,2018/06/19 11:48:32 EDT,request,100307,Chadwick,6889
1529423944,2018/06/19 11:59:04 EDT,request,100308,Keaton,3116
1529424763,2018/06/19 12:12:43 EDT,request,100309,Mona,7447
1529423566,2018/06/19 11:52:46 EDT,request,100310,Jayme,7331
1529423925,2018/06/19 11:58:45 EDT,request,100311,Gisela,2393
1529423699,2018/06/19 11:54:59 EDT,request,100312,Nadine,9467
1529423843,2018/06/19 11:57:23 EDT,request,100313,Jael,7511
1529424307,2018/06/19 12:05:07 EDT,request,100314,Meghan,9769
1529423373,2018/06/19 11:49:33 EDT,request,100315,Demetria,3671
1529423915,2018/06/19 11:58:35 EDT,request,100316,Elvis,6782
1529423167,2018/06/19 11:46:07 EDT,request,100317,Len,3768
1529424322,2018/06/19 12:05:22 EDT,request,100318,Yuli,7685
1529424178,2018/06/19 12:02:58 EDT,request,100319,Martena,8889
1529424537,2018/06/19 12:08:57 EDT,request,100320,Bevis,3181
1529423911,2018/06/19 11:58:31 EDT,request,100321,Carissa,7351
1529423757,2018/06/19 11:55:57 EDT,request,100322,Odette,2957
1529423847,2018/06/19 11:57:27 EDT,request,100323,Axel,2520
1529423165,2018/06/19 11:46:05 EDT,request,100324,Zahir,4128
1529423337,2018/06/19 11:48:57 EDT,request,100325,Lila,5070
1529423458,2018/06/19 11:50:58 EDT,request,100326,Byron,8455
1529423434,2018/06/19 11:50:34 EDT,request,100327,Imelda,6008
1529424919,2018/06/19 12:15:19 EDT,request,100328,Eaton,8182
1529424205,2018/06/19 12:03:25 EDT,request,100329,Kennedy,6610
1529424918,2018/06/19 12:15:18 EDT,request,100330,Courtney,4045
1529424602,2018/06/19 12:10:02 EDT,request,100331,Xaviera,2904
1529424063,2018/06/19 12:01:03 EDT,request,100332,Hannah,3765
1529424281,2018/06/19 12:04:41 EDT,request,100333,Hedley,4411
1529423399,2018/06/19 11:49:59 EDT,request,100334,Ethan,7151
1529423634,2018/06/19 11:53:54 EDT,request,100335,Nadine,2023
1529423968,2018/06/19 11:59:28 EDT,request,100336,Rhoda,4885
1529424076,2018/06/19 12:01:16 EDT,request,100337,Stacy,3164
1529423280,2018/06/19 11:48:00 EDT,request,100338,Andrew,8361
1529423405,2018/06/19 11:50:05 EDT,request,100339,Coby,9383
1529424923,2018/06/19 12:15:23 EDT,request,100340,Lillith,6551
1529424367,2018/06/19 12:06:07 EDT,request,100341,Salvador,9727
1529424764,2018/06/19 12:12:44 EDT,request,100342,Bernard,6079
1529424607,2018/06/19 12:10:07 EDT,request,100343,Ivy,4808
1529424726,2018/06/19 12:12:06 EDT,request,100344,Ruby,2849
1529423336,2018/06/19 11:48:56 EDT,request,100345,Jenna,7777
1529423927,2018/06/19 11:58:47 EDT,request,100346,Griffin,2053
1529424107,2018/06/19 12:01:47 EDT,request,100347,Dante,3662
1529423585,2018/06/19 11:53:05 EDT,request,100348,Randall,6616
1529423912,2018/06/19 11:58:32 EDT,request,100349,Whoopi,3087
1529423576,2018/06/19 11:52:56 EDT,request,100350,Samson,4218
1529423980,2018/06/19 11:59:40 EDT,request,100351,Ava,2865
1529423361,2018/06/19 11:49:21 EDT,request,100352,Karen,6828
1529423446,2018/06/19 11:50:46 EDT,request,100353,Patrick,6736
1529424103,2018/06/19 12:01:43 EDT,request,100354,Wyatt,3367
1529424934,2018/06/19 12:15:34 EDT,request,100355,Willow,4937
1529423393,2018/06/19 11:49:53 EDT,request,100356,Ralph,8200
1529424320,2018/06/19 12:05:20 EDT,request,100357,Miranda,9102
1529423426,2018/06/19 11:50:26 EDT,request,100358,Sara,8125
1529424841,2018/06/19 12:14:01 EDT,request,100359,Keefe,7989
1529424053,2018/06/19 12:00:53 EDT,request,100360,Mari,6971
1529423278,2018/06/19 11:47:58 EDT,request,100361,Olivia,2403
1529424894,2018/06/19 12:14:54 EDT,request,100362,Iliana,9832
1529424216,2018/06/19 12:03:36 EDT,request,100363,Cadman,7352
1529423379,2018/06/19 11:49:39 EDT,request,100364,Lars,6737
1529424754,2018/06/19 12:12:34 EDT,request,100365,Griffin,3250
1529424608,2018/06/19 12:10:08 EDT,request,100366,Armand,8397
1529424433,2018/06/19 12:07:13 EDT,request,100367,Kelly,2761
1529424717,2018/06/19 12:11:57 EDT,request,100368,James,2510
1529423329,2018/06/19 11:48:49 EDT,request,100369,Malachi,7969
1529423969,2018/06/19 11:59:29 EDT,request,100370,Maile,9210
1529423535,2018/06/19 11:52:15 EDT,request,100371,Christian,2554
1529423293,2018/06/19 11:48:13 EDT,request,100372,Flo,8079
1529424649,2018/06/19 12:10:49 EDT,request,100373,Stephen,3739
1529424786,2018/06/19 12:13:06 EDT,request,100374,Dieter,6765
1529423852,2018/06/19 11:57:32 EDT,request,100375,Hilary,3322
1529424666,2018/06/19 12:11:06 EDT,request,100376,Brock,5085
1529424076,2018/06/19 12:01:16 EDT,request,100377,Raven,9197
1529424168,2018/06/19 12:02:48 EDT,request,100378,Igor,7661
1529424802,2018/06/19 12:13:22 EDT,request,100379,Warren,7074
1529424488,2018/06/19 12:08:08 EDT,request,100380,Ashely,2945
1529424122,2018/06/19 12:02:02 EDT,request,100381,Quinn,2043
1529424439,2018/06/19 12:07:19 EDT,request,100382,Tad,6120
1529423204,2018/06/19 11:46:44 EDT,request,100383,Thomas,7529
1529424557,2018/06/19 12:09:17 EDT,request,100384,Conan,8098
1529424841,2018/06/19 12:14:01 EDT,request,100385,Nathaniel,7705
1529423870,2018/06/19 11:57:50 EDT,request,100386,Neil,7769
1529423270,2018/06/19 11:47:50 EDT,request,100387,Callie,8184
1529424103,2018/06/19 12:01:43 EDT,request,100388,Melissa,8964
1529424699,2018/06/19 12:11:39 EDT,request,100389,Idola,9915
1529424530,2018/06/19 12:08:50 EDT,request,100390,Jared,9350
1529424646,2018/06/19 12:10:46 EDT,request,100391,Drake,3733
1529424033,2018/06/19 12:00:33 EDT,request,100392,Griffin,5378
1529423355,2018/06/19 11:49:15 EDT,request,100393,Kelsey,6989
1529424152,2018/06/19 12:02:32 EDT,request,100394,Stella,6690
1529423842,2018/06/19 11:57:22 EDT,request,100395,Merrill,7493
1529423467,2018/06/19 11:51:07 EDT,request,100396,Gail,8906
1529423265,2018/06/19 11:47:45 EDT,request,100397,Adam,9940
1529423553,2018/06/19 11:52:33 EDT,request,100398,Melissa,8452
1529423422,2018/06/19 11:50:22 EDT,request,100399,Kasimir,2016
1529424440,2018/06/19 12:07:20 EDT,request,100400,Francis,2229
1529424680,2018/06/19 12:11:20 EDT,request,100401,Donovan,8810
1529423274,2018/06/19 11:47:54 EDT,request,100402,Rhiannon,6713
1529424397,2018/06/19 12:06:37 EDT,request,100403,Merrill,2688
1529424283,2018/06/19 12:04:43 EDT,request,100404,Xaviera,6032
1529423448,2018/06/19 11:50:48 EDT,request,100405,Margaret,3036
1529424490,2018/06/19 12:08:10 EDT,request,100406,Cora,9349
1529423885,2018/06/19 11:58:05 EDT,request,100407,Arden,5557
1529424513,2018/06/19 12:08:33 EDT,request,100408,Peter,6556
1529424320,2018/06/19 12:05:20 EDT,request,100409,Thaddeus,7964
1529424567,2018/06/19 12:09:27 EDT,request,100410,Kimberly,8213
1529423864,2018/06/19 11:57:44 EDT,request,100411,Dalton,7412
1529424501,2018/06/19 12:08:21 EDT,request,100412,Casey,7100
1529424907,2018/06/19 12:15:07 EDT,request,100413,Larissa,3905
1529423283,2018/06/19 11:48:03 EDT,request,100414,Lillian,8584
1529424224,2018/06/19 12:03:44 EDT,request,100415,Aubrey,9294
1529424366,2018/06/19 12:06:06 EDT,request,100416,Eleanor,4817
1529423576,2018/06/19 11:52:56 EDT,request,100417,Daquan,5463
1529423213,2018/06/19 11:46:53 EDT,request,100418,Leonard,9259
1529424338,2018/06/19 12:05:38 EDT,request,100419,Acton,4702
1529423540,2018/06/19 11:52:20 EDT,request,100420,Darrel,6461
1529423991,2018/06/19 11:59:51 EDT,request,100421,Carlos,3203
1529423445,2018/06/19 11:50:45 EDT,request,100422,Emerald,6075
1529423984,2018/06/19 11:59:44 EDT,request,100423,Keane,8175
1529423962,2018/06/19 11:59:22 EDT,request,100424,Phelan,8100
1529424379,2018/06/19 12:06:19 EDT,request,100425,Dolan,7217
1529423630,2018/06/19 11:53:50 EDT,request,100426,Dana,8291
1529423357,2018/06/19 11:49:17 EDT,request,100427,Kalia,7677
1529424813,2018/06/19 12:13:33 EDT,request,100428,Justine,5694
1529423516,2018/06/19 11:51:56 EDT,request,100429,Kermit,3130
1529423447,2018/06/19 11:50:47 EDT,request,100430,Alden,6486
1529423171,2018/06/19 11:46:11 EDT,request,100431,Jacqueline,5608
1529424041,2018/06/19 12:00:41 EDT,request,100432,Calista,4295
1529424062,2018/06/19 12:01:02 EDT,request,100433,Rose,9723
1529423579,2018/06/19 11:52:59 EDT,request,100434,Denton,8596
1529423808,2018/06/19 11:56:48 EDT,request,100435,Kai,4912
1529423184,2018/06/19 11:46:24 EDT,request,100436,Barrett,4868
1529423933,2018/06/19 11:58:53 EDT,request,100437,Willa,4396
1529423246,2018/06/19 11:47:26 EDT,request,100438,Harrison,3557
1529423376,2018/06/19 11:49:36 EDT,request,100439,Vivian,7339
1529424920,2018/06/19 12:15:20 EDT,request,100440,Vladimir,9031
1529424086,2018/06/19 12:01:26 EDT,request,100441,Debra,7382
1529423436,2018/06/19 11:50:36 EDT,request,100442,Tara,2412
1529424871,2018/06/19 12:14:31 EDT,request,100443,Kane,5934
1529424240,2018/06/19 12:04:00 EDT,request,100444,Kasper,6580
1529424486,2018/06/19 12:08:06 EDT,request,100445,Marvin,3238
1529424431,2018/06/19 12:07:11 EDT,request,100446,Debra,8400
1529424355,2018/06/19 12:05:55 EDT,request,100447,Pamela,5839
1529423466,2018/06/19 11:51:06 EDT,request,100448,Kato,9846
1529423589,2018/06/19 11:53:09 EDT,request,100449,Amity,7247
1529423755,2018/06/19 11:55:55 EDT,request,100450,Bert,3107
1529423922,2018/06/19 11:58:42 EDT,request,100451,Dieter,3800
1529423356,2018/06/19 11:49:16 EDT,request,100452,Sebastian,5028
1529424055,2018/06/19 12:00:55 EDT,request,100453,Jonah,6129
1529424481,2018/06/19 12:08:01 EDT,request,100454,Zena,2204
1529424376,2018/06/19 12:06:16 EDT,request,100455,Unity,5396
1529423601,2018/06/19 11:53:21 EDT,request,100456,Lucas,4951
1529423555,2018/06/19 11:52:35 EDT,request,100457,Nasim,3744
1529423897,2018/06/19 11:58:17 EDT,request,100458,Sylvia,5859
1529424448,2018/06/19 12:07:28 EDT,request,100459,Genevieve,4730
1529424720,2018/06/19 12:12:00 EDT,request,100460,Laith,2546
1529423664,2018/06/19 11:54:24 EDT,request,100461,Noah,5416
1529424880,2018/06/19 12:14:40 EDT,request,100462,William,8065
1529424581,2018/06/19 12:09:41 EDT,request,100463,Hamilton,6209
1529424044,2018/06/19 12:00:44 EDT,request,100464,Rae,3978
1529423491,2018/06/19 11:51:31 EDT,request,100465,Victor,8994
1529423428,2018/06/19 11:50:28 EDT,request,100466,Cullen,4541
1529424515,2018/06/19 12:08:35 EDT,request,100467,Laith,5216
1529423715,2018/06/19 11:55:15 EDT,request,100468,Maxwell,7387
1529424040,2018/06/19 12:00:40 EDT,request,100469,Inez,6808
1529423150,2018/06/19 11:45:50 EDT,request,100470,Uriah,6731
1529424423,2018/06/19 12:07:03 EDT,request,100471,Nigel,2592
1529424323,2018/06/19 12:05:23 EDT,request,100472,Margaret,4694
1529424509,2018/06/19 12:08:29 EDT,request,100473,Forrest,3028
1529424113,2018/06/19 12:01:53 EDT,request,100474,Brielle,8355
1529423829,2018/06/19 11:57:09 EDT,request,100475,Conan,6862
1529423588,2018/06/19 11:53:08 EDT,request,100476,Carlos,9660
1529424308,2018/06/19 12:05:08 EDT,request,100477,Kaye,8224
1529423991,2018/06/19 11:59:51 EDT,request,100478,Jerome,2541
1529424421,2018/06/19 12:07:01 EDT,request,100479,Libby,4139
1529424930,2018/06/19 12:15:30 EDT,request,100480,Margaret,7261
1529424584,2018/06/19 12:09:44 EDT,request,100481,Karyn,5963
1529424424,2018/06/19 12:07:04 EDT,request,100482,Sophia,3023
1529424673,2018/06/19 12:11:13 EDT,request,100483,Inga,8737
1529424131,2018/06/19 12:02:11 EDT,request,100484,Abra,3887
1529423392,2018/06/19 11:49:52 EDT,request,100485,Bruce,7956
1529424574,2018/06/19 12:09:34 EDT,request,100486,Ashely,3540
1529424369,2018/06/19 12:06:09 EDT,request,100487,Felix,5038
1529424068,2018/06/19 12:01:08 EDT,request,100488,Hall,8882
1529423690,2018/06/19 11:54:50 EDT,request,100489,Thomas,6769
1529423466,2018/06/19 11:51:06 EDT,request,100490,Lacy,4553
1529424886,2018/06/19 12:14:46 EDT,request,100491,Jaden,4085
1529424708,2018/06/19 12:11:48 EDT,request,100492,Lester,3127
1529424173,2018/06/19 12:02:53 EDT,request,100493,Maia,3601
1529424187,2018/06/19 12:03:07 EDT,request,100494,Lacey,6514
1529424570,2018/06/19 12:09:30 EDT,request,100495,Hamish,8706
1529424279,2018/06/19 12:04:39 EDT,request,100496,Jennifer,2684
1529424626,2018/06/19 12:10:26 EDT,request,100497,Warren,8807
1529423522,2018/06/19 11:52:02 EDT,request,100498,Veda,8747
1529423346,2018/06/19 11:49:06 EDT,request,100499,Macaulay,6496
1529424675,2018/06/19 12:11:15 EDT,request,100500,Laith,8328

1529425936,2018/06/19 12:32:16 EDT,response,100001,Octavia,6369
1529425632,2018/06/19 12:27:12 EDT,response,100002,Leslie,9606
1529425636,2018/06/19 12:27:16 EDT,response,100003,Abigail,5836
1529425668,2018/06/19 12:27:48 EDT,response,100005,Nash,5342
1529425143,2018/06/19 12:19:03 EDT,response,100006,Oren,9574
1529425478,2018/06/19 12:24:38 EDT,response,100007,Knox,3626
1529425535,2018/06/19 12:25:35 EDT,response,100008,Ori,9760
1529425970,2018/06/19 12:32:50 EDT,response,100009,Quinn,7301
1529425752,2018/06/19 12:29:12 EDT,response,100010,Yuli,2365
1529425775,2018/06/19 12:29:35 EDT,response,100011,Hadassah,8702
1529425823,2018/06/19 12:30:23 EDT,response,100012,Abbot,9292
1529425800,2018/06/19 12:30:00 EDT,response,100013,Beatrice,5239
1529425297,2018/06/19 12:21:37 EDT,response,100014,Karina,4360
1529425774,2018/06/19 12:29:34 EDT,response,100015,Bruno,7241
1529425251,2018/06/19 12:20:51 EDT,response,100016,Jana,2517
1529425254,2018/06/19 12:20:54 EDT,response,100017,Macaulay,2182
1529425478,2018/06/19 12:24:38 EDT,response,100018,Hunter,2720
1529425410,2018/06/19 12:23:30 EDT,response,100019,Kamal,7639
1529425157,2018/06/19 12:19:17 EDT,response,100020,Aladdin,4442
1529425229,2018/06/19 12:20:29 EDT,response,100021,Herman,2134
1529425525,2018/06/19 12:25:25 EDT,response,100022,Libby,7277
1529425922,2018/06/19 12:32:02 EDT,response,100023,Ahmed,2145
1529425354,2018/06/19 12:22:34 EDT,response,100024,Malik,6006
1529425930,2018/06/19 12:32:10 EDT,response,100025,Ainsley,4006
1529426004,2018/06/19 12:33:24 EDT,response,100026,Erasmus,8594
1529425166,2018/06/19 12:19:26 EDT,response,100027,Miriam,5685
1529425731,2018/06/19 12:28:51 EDT,response,100028,Kennedy,6103
1529425853,2018/06/19 12:30:53 EDT,response,100029,Jenna,9785
1529425554,2018/06/19 12:25:54 EDT,response,100030,Jada,4879
1529425874,2018/06/19 12:31:14 EDT,response,100031,Cade,5471
1529425607,2018/06/19 12:26:47 EDT,response,100032,Melanie,8917
1529425651,2018/06/19 12:27:31 EDT,response,100033,Victor,7044
1529426013,2018/06/19 12:33:33 EDT,response,100034,Mark,7475
1529425950,2018/06/19 12:32:30 EDT,response,100035,Sheila,4942
1529425691,2018/06/19 12:28:11 EDT,response,100036,Haley,3058
1529425410,2018/06/19 12:23:30 EDT,response,100037,Orla,4921
1529425166,2018/06/19 12:19:26 EDT,response,100038,Samuel,2883
1529425716,2018/06/19 12:28:36 EDT,response,100039,Kevyn,7120
1529425298,2018/06/19 12:21:38 EDT,response,100040,Holly,9176
1529425901,2018/06/19 12:31:41 EDT,response,100041,Keegan,3329
1529425758,2018/06/19 12:29:18 EDT,response,100042,Patricia,3785
1529425658,2018/06/19 12:27:38 EDT,response,100043,Raphael,2870
1529425902,2018/06/19 12:31:42 EDT,response,100044,Oliver,9857
1529425917,2018/06/19 12:31:57 EDT,response,100045,Renee,7012
1529425149,2018/06/19 12:19:09 EDT,response,100046,William,3628
1529425424,2018/06/19 12:23:44 EDT,response,100047,Giselle,4721
1529425623,2018/06/19 12:27:03 EDT,response,100048,Todd,4343
1529425695,2018/06/19 12:28:15 EDT,response,100049,Mark,4164
1529425873,2018/06/19 12:31:13 EDT,response,100050,Tobias,3444
1529425894,2018/06/19 12:31:34 EDT,response,100051,Montana,5876
1529425398,2018/06/19 12:23:18 EDT,response,100052,Avram,2659
1529426016,2018/06/19 12:33:36 EDT,response,100053,Ignatius,3757
1529425839,2018/06/19 12:30:39 EDT,response,100054,Holly,2402
1529425449,2018/06/19 12:24:09 EDT,response,100055,Fay,5951
1529425617,2018/06/19 12:26:57 EDT,response,100056,James,6392
1529425401,2018/06/19 12:23:21 EDT,response,100057,Talon,8978
1529425776,2018/06/19 12:29:36 EDT,response,100058,Merritt,5798
1529425775,2018/06/19 12:29:35 EDT,response,100059,Carissa,3904
1529425718,2018/06/19 12:28:38 EDT,response,100060,Eugenia,8114
1529425200,2018/06/19 12:20:00 EDT,response,100061,Silas,8998
1529425452,2018/06/19 12:24:12 EDT,response,100062,Leigh,7982
1529425225,2018/06/19 12:20:25 EDT,response,100063,Chase,9896
1529425232,2018/06/19 12:20:32 EDT,response,100064,Zachery,9018
1529425201,2018/06/19 12:20:01 EDT,response,100065,Mariko,6435
1529425912,2018/06/19 12:31:52 EDT,response,100066,Aristotle,2878
1529425294,2018/06/19 12:21:34 EDT,response,100067,Courtney,5763
1529425240,2018/06/19 12:20:40 EDT,response,100068,Reed,3302
1529425957,2018/06/19 12:32:37 EDT,response,100069,Adrian,8309
1529425236,2018/06/19 12:20:36 EDT,response,100070,Dane,7039
1529425570,2018/06/19 12:26:10 EDT,response,100071,Keaton,5796
1529425601,2018/06/19 12:26:41 EDT,response,100072,Jamalia,7880
1529425334,2018/06/19 12:22:14 EDT,response,100073,Fletcher,7687
1529425712,2018/06/19 12:28:32 EDT,response,100074,Cleo,9351
1529425530,2018/06/19 12:25:30 EDT,response,100075,Mariam,3718
1529425650,2018/06/19 12:27:30 EDT,response,100076,Kamal,8760
1529425180,2018/06/19 12:19:40 EDT,response,100077,Colton,7260
1529425772,2018/06/19 12:29:32 EDT,response,100078,Norman,9690
1529425573,2018/06/19 12:26:13 EDT,response,100079,Leroy,6280
1529425619,2018/06/19 12:26:59 EDT,response,100080,Damon,2147
1529425512,2018/06/19 12:25:12 EDT,response,100081,Nolan,9792
1529425472,2018/06/19 12:24:32 EDT,response,100082,Sloane,2829
1529425576,2018/06/19 12:26:16 EDT,response,100083,Nathan,4164
1529425366,2018/06/19 12:22:46 EDT,response,100084,Alyssa,9626
1529425327,2018/06/19 12:22:07 EDT,response,100085,Skyler,3432
1529425860,2018/06/19 12:31:00 EDT,response,100086,Chloe,9417
1529425708,2018/06/19 12:28:28 EDT,response,100087,Amos,5159
1529425519,2018/06/19 12:25:19 EDT,response,100088,Claudia,3700
1529425815,2018/06/19 12:30:15 EDT,response,100089,Cameran,3757
1529425611,2018/06/19 12:26:51 EDT,response,100090,Tiger,4690
1529425352,2018/06/19 12:22:32 EDT,response,100091,Ulysses,7839
1529425713,2018/06/19 12:28:33 EDT,response,100092,Vaughan,3076
1529425509,2018/06/19 12:25:09 EDT,response,100093,Ursula,2495
1529425340,2018/06/19 12:22:20 EDT,response,100094,Winifred,2113
1529425414,2018/06/19 12:23:34 EDT,response,100095,Emerson,9308
1529425680,2018/06/19 12:28:00 EDT,response,100096,Kirby,4121
1529425743,2018/06/19 12:29:03 EDT,response,100097,Colin,6549
1529425480,2018/06/19 12:24:40 EDT,response,100098,Halee,3124
1529425403,2018/06/19 12:23:23 EDT,response,100099,Oleg,6472
1529425984,2018/06/19 12:33:04 EDT,response,100101,Blair,2344
1529426032,2018/06/19 12:33:52 EDT,response,100102,Yoko,5387
1529425180,2018/06/19 12:19:40 EDT,response,100103,Uta,8523
1529425895,2018/06/19 12:31:35 EDT,response,100104,Yasir,6625
1529425757,2018/06/19 12:29:17 EDT,response,100105,Indira,6795
1529425293,2018/06/19 12:21:33 EDT,response,100106,Constance,3213
1529425759,2018/06/19 12:29:19 EDT,response,100107,Keiko,2478
1529425356,2018/06/19 12:22:36 EDT,response,100108,Daryl,4427
1529425401,2018/06/19 12:23:21 EDT,response,100109,Xantha,4479
1529426000,2018/06/19 12:33:20 EDT,response,100110,Zenia,7467
1529425411,2018/06/19 12:23:31 EDT,response,100111,Tad,2084
1529425273,2018/06/19 12:21:13 EDT,response,100112,Griffin,4684
1529425940,2018/06/19 12:32:20 EDT,response,100113,Yoshi,3814
1529425983,2018/06/19 12:33:03 EDT,response,100114,Geraldine,9793
1529425690,2018/06/19 12:28:10 EDT,response,100115,Victor,6879
1529425658,2018/06/19 12:27:38 EDT,response,100116,Amity,4157
1529425239,2018/06/19 12:20:39 EDT,response,100117,Sigourney,6808
1529425487,2018/06/19 12:24:47 EDT,response,100118,Cairo,4775
1529425801,2018/06/19 12:30:01 EDT,response,100119,Kibo,7279
1529425429,2018/06/19 12:23:49 EDT,response,100120,Sawyer,2260
1529425851,2018/06/19 12:30:51 EDT,response,100121,Kameko,9604
1529425504,2018/06/19 12:25:04 EDT,response,100122,Shelly,8021
1529425698,2018/06/19 12:28:18 EDT,response,100123,Gillian,6410
1529426011,2018/06/19 12:33:31 EDT,response,100124,Nigel,9304
1529425887,2018/06/19 12:31:27 EDT,response,100125,Amber,5666
1529425290,2018/06/19 12:21:30 EDT,response,100126,September,9121
1529425585,2018/06/19 12:26:25 EDT,response,100127,Len,9423
1529425974,2018/06/19 12:32:54 EDT,response,100128,Owen,3923
1529425487,2018/06/19 12:24:47 EDT,response,100129,August,5597
1529425771,2018/06/19 12:29:31 EDT,response,100130,Leonard,8274
1529425509,2018/06/19 12:25:09 EDT,response,100131,Ariana,3329
1529425960,2018/06/19 12:32:40 EDT,response,100132,Isabelle,7450
1529425724,2018/06/19 12:28:44 EDT,response,100133,Emery,7406
1529425335,2018/06/19 12:22:15 EDT,response,100134,Ezra,5408
1529425163,2018/06/19 12:19:23 EDT,response,100135,Judah,3096
1529425304,2018/06/19 12:21:44 EDT,response,100136,Byron,4045
1529425203,2018/06/19 12:20:03 EDT,response,100137,Fritz,2184
1529425576,2018/06/19 12:26:16 EDT,response,100138,Zephr,5263
1529425825,2018/06/19 12:30:25 EDT,response,100139,Lani,7693
1529425310,2018/06/19 12:21:50 EDT,response,100140,Ashely,8955
1529425230,2018/06/19 12:20:30 EDT,response,100141,Jamalia,2521
1529425813,2018/06/19 12:30:13 EDT,response,100142,Virginia,9511
1529426000,2018/06/19 12:33:20 EDT,response,100143,Zephr,7144
1529425800,2018/06/19 12:30:00 EDT,response,100144,Martena,3764
1529425399,2018/06/19 12:23:19 EDT,response,100145,Hannah,5529
1529425615,2018/06/19 12:26:55 EDT,response,100146,Jael,4704
1529425245,2018/06/19 12:20:45 EDT,response,100147,Jerome,2763
1529425965,2018/06/19 12:32:45 EDT,response,100148,Ava,8324
1529425619,2018/06/19 12:26:59 EDT,response,100149,Steven,9584
1529426033,2018/06/19 12:33:53 EDT,response,100150,Kasimir,7687
1529425825,2018/06/19 12:30:25 EDT,response,100151,Arsenio,2698
1529425630,2018/06/19 12:27:10 EDT,response,100152,Ebony,4548
1529425606,2018/06/19 12:26:46 EDT,response,100153,Fritz,6415
1529425623,2018/06/19 12:27:03 EDT,response,100154,Doris,5523
1529425951,2018/06/19 12:32:31 EDT,response,100155,Cally,4802
1529425599,2018/06/19 12:26:39 EDT,response,100156,Edan,7368
1529425721,2018/06/19 12:28:41 EDT,response,100157,Zane,8072
1529425211,2018/06/19 12:20:11 EDT,response,100158,Brielle,7426
1529425227,2018/06/19 12:20:27 EDT,response,100159,Justin,9607
1529425802,2018/06/19 12:30:02 EDT,response,100160,Lyle,6596
1529425619,2018/06/19 12:26:59 EDT,response,100161,Kibo,5673
1529425354,2018/06/19 12:22:34 EDT,response,100162,Carlos,3429
1529425531,2018/06/19 12:25:31 EDT,response,100163,Drew,6106
1529425437,2018/06/19 12:23:57 EDT,response,100164,Lynn,2916
1529425209,2018/06/19 12:20:09 EDT,response,100165,Calvin,4006
1529425521,2018/06/19 12:25:21 EDT,response,100166,Noah,8268
1529425247,2018/06/19 12:20:47 EDT,response,100167,Mari,7387
1529425152,2018/06/19 12:19:12 EDT,response,100168,Wing,6115
1529425598,2018/06/19 12:26:38 EDT,response,100169,Orli,4067
1529425647,2018/06/19 12:27:27 EDT,response,100170,Samuel,4687
1529425599,2018/06/19 12:26:39 EDT,response,100171,Sasha,7541
1529425893,2018/06/19 12:31:33 EDT,response,100172,Gemma,7939
1529426033,2018/06/19 12:33:53 EDT,response,100173,Jillian,8870
1529425729,2018/06/19 12:28:49 EDT,response,100174,Kirk,8439
1529425207,2018/06/19 12:20:07 EDT,response,100175,Rajah,5308
1529425483,2018/06/19 12:24:43 EDT,response,100176,Palmer,8406
1529425571,2018/06/19 12:26:11 EDT,response,100177,Rana,8153
1529425296,2018/06/19 12:21:36 EDT,response,100178,Fuller,7768
1529425497,2018/06/19 12:24:57 EDT,response,100179,Jemima,7942
1529425863,2018/06/19 12:31:03 EDT,response,100180,Ivy,9682
1529425503,2018/06/19 12:25:03 EDT,response,100181,Brady,7366
1529425858,2018/06/19 12:30:58 EDT,response,100182,Jelani,5923
1529425489,2018/06/19 12:24:49 EDT,response,100183,Willa,8359
1529425257,2018/06/19 12:20:57 EDT,response,100184,Howard,5037
1529425825,2018/06/19 12:30:25 EDT,response,100185,Erica,2339
1529425975,2018/06/19 12:32:55 EDT,response,100186,Otto,4955
1529425621,2018/06/19 12:27:01 EDT,response,100187,Catherine,7783
1529425476,2018/06/19 12:24:36 EDT,response,100188,Penelope,7204
1529425802,2018/06/19 12:30:02 EDT,response,100189,Baxter,7442
1529425286,2018/06/19 12:21:26 EDT,response,100190,Nadine,8513
1529426031,2018/06/19 12:33:51 EDT,response,100191,Merritt,5868
1529425641,2018/06/19 12:27:21 EDT,response,100192,Nadine,3913
1529425469,2018/06/19 12:24:29 EDT,response,100193,Troy,4798
1529425430,2018/06/19 12:23:50 EDT,response,100194,Owen,2811
1529425845,2018/06/19 12:30:45 EDT,response,100195,Jermaine,6619
1529425323,2018/06/19 12:22:03 EDT,response,100196,Oscar,3572
1529425360,2018/06/19 12:22:40 EDT,response,100197,Aileen,6820
1529425535,2018/06/19 12:25:35 EDT,response,100198,Hilda,4998
1529425484,2018/06/19 12:24:44 EDT,response,100199,Jennifer,2669
1529425770,2018/06/19 12:29:30 EDT,response,100200,Kasper,5430
1529425464,2018/06/19 12:24:24 EDT,response,100201,Justine,4920
1529425285,2018/06/19 12:21:25 EDT,response,100202,Justin,9695
1529425772,2018/06/19 12:29:32 EDT,response,100203,Dominic,4114
1529425809,2018/06/19 12:30:09 EDT,response,100204,Hashim,2657
1529425817,2018/06/19 12:30:17 EDT,response,100205,Rhiannon,6265
1529425266,2018/06/19 12:21:06 EDT,response,100206,Matthew,4816
1529425947,2018/06/19 12:32:27 EDT,response,100207,Avram,6299
1529425303,2018/06/19 12:21:43 EDT,response,100208,Magee,6886
1529425724,2018/06/19 12:28:44 EDT,response,100209,Katelyn,5249
1529425438,2018/06/19 12:23:58 EDT,response,100210,Olivia,9170
1529425356,2018/06/19 12:22:36 EDT,response,100211,Liberty,2115
1529425149,2018/06/19 12:19:09 EDT,response,100212,Emerson,9151
1529425196,2018/06/19 12:19:56 EDT,response,100213,Hollee,6983
1529425714,2018/06/19 12:28:34 EDT,response,100214,Cain,8416
1529425295,2018/06/19 12:21:35 EDT,response,100215,Raphael,6242
1529425602,2018/06/19 12:26:42 EDT,response,100216,Shelley,7650
1529425489,2018/06/19 12:24:49 EDT,response,100217,Igor,6160
1529425535,2018/06/19 12:25:35 EDT,response,100218,Vielka,5429
1529425376,2018/06/19 12:22:56 EDT,response,100219,Yoshio,4535
1529425410,2018/06/19 12:23:30 EDT,response,100220,Mohammad,8738
1529425433,2018/06/19 12:23:53 EDT,response,100221,Aubrey,6725
1529425157,2018/06/19 12:19:17 EDT,response,100222,Dara,8672
1529425969,2018/06/19 12:32:49 EDT,response,100223,Alma,5972
1529425873,2018/06/19 12:31:13 EDT,response,100224,Lewis,8487
1529425797,2018/06/19 12:29:57 EDT,response,100225,Janna,2351
1529425696,2018/06/19 12:28:16 EDT,response,100226,Griffin,2166
1529425728,2018/06/19 12:28:48 EDT,response,100227,Daryl,9909
1529425509,2018/06/19 12:25:09 EDT,response,100228,Quemby,8207
1529425169,2018/06/19 12:19:29 EDT,response,100229,Alan,9861
1529425715,2018/06/19 12:28:35 EDT,response,100230,Bradley,2915
1529425142,2018/06/19 12:19:02 EDT,response,100231,Iris,2372
1529425238,2018/06/19 12:20:38 EDT,response,100232,Sheila,2398
1529425520,2018/06/19 12:25:20 EDT,response,100233,Hammett,5694
1529425425,2018/06/19 12:23:45 EDT,response,100234,Kasimir,9292
1529425988,2018/06/19 12:33:08 EDT,response,100235,Josephine,8889
1529425904,2018/06/19 12:31:44 EDT,response,100236,Darryl,9671
1529425432,2018/06/19 12:23:52 EDT,response,100237,Kelsie,9779
1529425754,2018/06/19 12:29:14 EDT,response,100238,Christian,4024
1529425281,2018/06/19 12:21:21 EDT,response,100239,Dominique,5216
1529425148,2018/06/19 12:19:08 EDT,response,100240,Destiny,3127
1529425501,2018/06/19 12:25:01 EDT,response,100241,Quyn,4930
1529426012,2018/06/19 12:33:32 EDT,response,100243,Venus,7913
1529425342,2018/06/19 12:22:22 EDT,response,100244,Cody,6520
1529425863,2018/06/19 12:31:03 EDT,response,100245,Phillip,8895
1529425646,2018/06/19 12:27:26 EDT,response,100246,Marvin,8981
1529425592,2018/06/19 12:26:32 EDT,response,100247,Lewis,5082
1529425715,2018/06/19 12:28:35 EDT,response,100248,Rhona,6528
1529425817,2018/06/19 12:30:17 EDT,response,100249,Aladdin,8264
1529425842,2018/06/19 12:30:42 EDT,response,100250,Adam,5822
1529425469,2018/06/19 12:24:29 EDT,response,100251,Reece,7074
1529425404,2018/06/19 12:23:24 EDT,response,100252,Sierra,9198
1529425658,2018/06/19 12:27:38 EDT,response,100253,Hilary,3080
1529425226,2018/06/19 12:20:26 EDT,response,100254,Coby,7205
1529425320,2018/06/19 12:22:00 EDT,response,100255,Rylee,7820
1529425999,2018/06/19 12:33:19 EDT,response,100256,Keegan,4809
1529425229,2018/06/19 12:20:29 EDT,response,100257,Kimberly,4234
1529425293,2018/06/19 12:21:33 EDT,response,100258,Lynn,5785
1529425259,2018/06/19 12:20:59 EDT,response,100259,Uriah,3060
1529425431,2018/06/19 12:23:51 EDT,response,100260,Joseph,3246
1529425325,2018/06/19 12:22:05 EDT,response,100261,Bradley,9750
1529425167,2018/06/19 12:19:27 EDT,response,100262,Irene,3061
1529425395,2018/06/19 12:23:15 EDT,response,100263,Nissim,9776
1529425937,2018/06/19 12:32:17 EDT,response,100264,Hiroko,9850
1529425175,2018/06/19 12:19:35 EDT,response,100265,Chaney,6303
1529425621,2018/06/19 12:27:01 EDT,response,100266,Dorian,6658
1529425509,2018/06/19 12:25:09 EDT,response,100267,Ciaran,2793
1529425342,2018/06/19 12:22:22 EDT,response,100268,Armand,6633
1529426026,2018/06/19 12:33:46 EDT,response,100269,Reuben,8092
1529426033,2018/06/19 12:33:53 EDT,response,100270,Ignacia,8712
1529425469,2018/06/19 12:24:29 EDT,response,100271,Ahmed,5037
1529425991,2018/06/19 12:33:11 EDT,response,100272,Colt,3763
1529425796,2018/06/19 12:29:56 EDT,response,100273,Colby,8052
1529425834,2018/06/19 12:30:34 EDT,response,100274,Kevin,9947
1529425199,2018/06/19 12:19:59 EDT,response,100275,Anthony,4953
1529425829,2018/06/19 12:30:29 EDT,response,100276,Brennan,3249
1529425625,2018/06/19 12:27:05 EDT,response,100277,Riley,8258
1529425231,2018/06/19 12:20:31 EDT,response,100278,Tallulah,6312
1529426006,2018/06/19 12:33:26 EDT,response,100279,Chantale,5311
1529425201,2018/06/19 12:20:01 EDT,response,100280,Candace,6720
1529425229,2018/06/19 12:20:29 EDT,response,100281,MacKenzie,7791
1529425565,2018/06/19 12:26:05 EDT,response,100282,Paul,3860
1529425747,2018/06/19 12:29:07 EDT,response,100283,Carson,7708
1529425225,2018/06/19 12:20:25 EDT,response,100284,Walter,7183
1529425331,2018/06/19 12:22:11 EDT,response,100285,Yuli,9584
1529425154,2018/06/19 12:19:14 EDT,response,100286,Ignacia,3306
1529425674,2018/06/19 12:27:54 EDT,response,100287,Fletcher,8547
1529425506,2018/06/19 12:25:06 EDT,response,100288,Thane,8425
1529425141,2018/06/19 12:19:01 EDT,response,100289,Rhea,9737
1529425192,2018/06/19 12:19:52 EDT,response,100290,Desiree,3120
1529425391,2018/06/19 12:23:11 EDT,response,100291,Tanek,4834
1529425965,2018/06/19 12:32:45 EDT,response,100293,Briar,4477
1529425524,2018/06/19 12:25:24 EDT,response,100294,Jonah,9570
1529425813,2018/06/19 12:30:13 EDT,response,100295,Chandler,4304
1529425978,2018/06/19 12:32:58 EDT,response,100296,Marvin,5790
1529425752,2018/06/19 12:29:12 EDT,response,100297,Kibo,2014
1529425236,2018/06/19 12:20:36 EDT,response,100298,Sharon,2402
1529425185,2018/06/19 12:19:45 EDT,response,100299,Pascale,4579
1529425697,2018/06/19 12:28:17 EDT,response,100300,Arden,7294
1529425266,2018/06/19 12:21:06 EDT,response,100301,Benjamin,5588
1529425659,2018/06/19 12:27:39 EDT,response,100302,Kibo,5930
1529425458,2018/06/19 12:24:18 EDT,response,100303,Kerry,4308
1529425885,2018/06/19 12:31:25 EDT,response,100304,Mark,5595
1529425611,2018/06/19 12:26:51 EDT,response,100305,Rina,3366
1529425304,2018/06/19 12:21:44 EDT,response,100306,Merrill,2816
1529425705,2018/06/19 12:28:25 EDT,response,100307,Chadwick,6889
1529425197,2018/06/19 12:19:57 EDT,response,100308,Keaton,3116
1529425661,2018/06/19 12:27:41 EDT,response,100309,Mona,7447
1529425796,2018/06/19 12:29:56 EDT,response,100310,Jayme,7331
1529425768,2018/06/19 12:29:28 EDT,response,100311,Gisela,2393
1529425548,2018/06/19 12:25:48 EDT,response,100312,Nadine,9467
1529425639,2018/06/19 12:27:19 EDT,response,100313,Jael,7511
1529425577,2018/06/19 12:26:17 EDT,response,100314,Meghan,9769
1529425328,2018/06/19 12:22:08 EDT,response,100315,Demetria,3671
1529425307,2018/06/19 12:21:47 EDT,response,100316,Elvis,6782
1529425761,2018/06/19 12:29:21 EDT,response,100317,Len,3768
1529425348,2018/06/19 12:22:28 EDT,response,100318,Yuli,7685
1529425895,2018/06/19 12:31:35 EDT,response,100319,Martena,8889
1529425179,2018/06/19 12:19:39 EDT,response,100320,Bevis,3181
1529425879,2018/06/19 12:31:19 EDT,response,100321,Carissa,7351
1529425255,2018/06/19 12:20:55 EDT,response,100322,Odette,2957
1529425656,2018/06/19 12:27:36 EDT,response,100323,Axel,2520
1529425629,2018/06/19 12:27:09 EDT,response,100324,Zahir,4128
1529425436,2018/06/19 12:23:56 EDT,response,100325,Lila,5070
1529425385,2018/06/19 12:23:05 EDT,response,100326,Byron,8455
1529425264,2018/06/19 12:21:04 EDT,response,100327,Imelda,6008
1529425960,2018/06/19 12:32:40 EDT,response,100328,Eaton,8182
1529425237,2018/06/19 12:20:37 EDT,response,100329,Kennedy,6610
1529425448,2018/06/19 12:24:08 EDT,response,100330,Courtney,4045
1529425603,2018/06/19 12:26:43 EDT,response,100331,Xaviera,2904
1529425690,2018/06/19 12:28:10 EDT,response,100332,Hannah,3765
1529425327,2018/06/19 12:22:07 EDT,response,100333,Hedley,4411
1529425849,2018/06/19 12:30:49 EDT,response,100334,Ethan,7151
1529425991,2018/06/19 12:33:11 EDT,response,100335,Nadine,2023
1529425577,2018/06/19 12:26:17 EDT,response,100336,Rhoda,4885
1529425655,2018/06/19 12:27:35 EDT,response,100337,Stacy,3164
1529425903,2018/06/19 12:31:43 EDT,response,100338,Andrew,8361
1529425288,2018/06/19 12:21:28 EDT,response,100339,Coby,9383
1529425225,2018/06/19 12:20:25 EDT,response,100340,Lillith,6551
1529425572,2018/06/19 12:26:12 EDT,response,100341,Salvador,9727
1529425517,2018/06/19 12:25:17 EDT,response,100342,Bernard,6079
1529425450,2018/06/19 12:24:10 EDT,response,100343,Ivy,4808
1529425651,2018/06/19 12:27:31 EDT,response,100344,Ruby,2849
1529425410,2018/06/19 12:23:30 EDT,response,100345,Jenna,7777
1529425622,2018/06/19 12:27:02 EDT,response,100346,Griffin,2053
1529425851,2018/06/19 12:30:51 EDT,response,100347,Dante,3662
1529425251,2018/06/19 12:20:51 EDT,response,100348,Randall,6616
1529425197,2018/06/19 12:19:57 EDT,response,100349,Whoopi,3087
1529425586,2018/06/19 12:26:26 EDT,response,100350,Samson,4218
1529425592,2018/06/19 12:26:32 EDT,response,100351,Ava,2865
1529425214,2018/06/19 12:20:14 EDT,response,100352,Karen,6828
1529425556,2018/06/19 12:25:56 EDT,response,100353,Patrick,6736
1529425738,2018/06/19 12:28:58 EDT,response,100354,Wyatt,3367
1529425676,2018/06/19 12:27:56 EDT,response,100355,Willow,4937
1529425185,2018/06/19 12:19:45 EDT,response,100356,Ralph,8200
1529425420,2018/06/19 12:23:40 EDT,response,100357,Miranda,9102
1529425213,2018/06/19 12:20:13 EDT,response,100358,Sara,8125
1529425661,2018/06/19 12:27:41 EDT,response,100359,Keefe,7989
1529425189,2018/06/19 12:19:49 EDT,response,100360,Mari,6971
1529425303,2018/06/19 12:21:43 EDT,response,100361,Olivia,2403
1529425300,2018/06/19 12:21:40 EDT,response,100362,Iliana,9832
1529425967,2018/06/19 12:32:47 EDT,response,100363,Cadman,7352
1529425473,2018/06/19 12:24:33 EDT,response,100364,Lars,6737
1529425582,2018/06/19 12:26:22 EDT,response,100365,Griffin,3250
1529425952,2018/06/19 12:32:32 EDT,response,100366,Armand,8397
1529425722,2018/06/19 12:28:42 EDT,response,100367,Kelly,2761
1529425652,2018/06/19 12:27:32 EDT,response,100368,James,2510
1529425485,2018/06/19 12:24:45 EDT,response,100369,Malachi,7969
1529425265,2018/06/19 12:21:05 EDT,response,100370,Maile,9210
1529425820,2018/06/19 12:30:20 EDT,response,100371,Christian,2554
1529425632,2018/06/19 12:27:12 EDT,response,100372,Flo,8079
1529426021,2018/06/19 12:33:41 EDT,response,100373,Stephen,3739
1529425855,2018/06/19 12:30:55 EDT,response,100374,Dieter,6765
1529425928,2018/06/19 12:32:08 EDT,response,100375,Hilary,3322
1529425424,2018/06/19 12:23:44 EDT,response,100376,Brock,5085
1529426017,2018/06/19 12:33:37 EDT,response,100377,Raven,9197
1529425343,2018/06/19 12:22:23 EDT,response,100378,Igor,7661
1529425868,2018/06/19 12:31:08 EDT,response,100379,Warren,7074
1529425857,2018/06/19 12:30:57 EDT,response,100380,Ashely,2945
1529425751,2018/06/19 12:29:11 EDT,response,100381,Quinn,2043
1529425228,2018/06/19 12:20:28 EDT,response,100382,Tad,6120
1529425710,2018/06/19 12:28:30 EDT,response,100383,Thomas,7529
1529425584,2018/06/19 12:26:24 EDT,response,100384,Conan,8098
1529425742,2018/06/19 12:29:02 EDT,response,100385,Nathaniel,7705
1529425138,2018/06/19 12:18:58 EDT,response,100386,Neil,7769
1529425210,2018/06/19 12:20:10 EDT,response,100387,Callie,8184
1529425804,2018/06/19 12:30:04 EDT,response,100388,Melissa,8964
1529425318,2018/06/19 12:21:58 EDT,response,100389,Idola,9915
1529425150,2018/06/19 12:19:10 EDT,response,100390,Jared,9350
1529425446,2018/06/19 12:24:06 EDT,response,100391,Drake,3733
1529425757,2018/06/19 12:29:17 EDT,response,100392,Griffin,5378
1529425242,2018/06/19 12:20:42 EDT,response,100393,Kelsey,6989
1529425225,2018/06/19 12:20:25 EDT,response,100394,Stella,6690
1529425942,2018/06/19 12:32:22 EDT,response,100395,Merrill,7493
1529425867,2018/06/19 12:31:07 EDT,response,100396,Gail,8906
1529425804,2018/06/19 12:30:04 EDT,response,100397,Adam,9940
1529425678,2018/06/19 12:27:58 EDT,response,100398,Melissa,8452
1529425290,2018/06/19 12:21:30 EDT,response,100399,Kasimir,2016
1529425650,2018/06/19 12:27:30 EDT,response,100400,Francis,2229
1529425382,2018/06/19 12:23:02 EDT,response,100401,Donovan,8810
1529425537,2018/06/19 12:25:37 EDT,response,100402,Rhiannon,6713
1529425626,2018/06/19 12:27:06 EDT,response,100403,Merrill,2688
1529425924,2018/06/19 12:32:04 EDT,response,100404,Xaviera,6032
1529425750,2018/06/19 12:29:10 EDT,response,100405,Margaret,3036
1529425874,2018/06/19 12:31:14 EDT,response,100406,Cora,9349
1529425516,2018/06/19 12:25:16 EDT,response,100407,Arden,5557
1529425648,2018/06/19 12:27:28 EDT,response,100408,Peter,6556
1529425609,2018/06/19 12:26:49 EDT,response,100409,Thaddeus,7964
1529425650,2018/06/19 12:27:30 EDT,response,100410,Kimberly,8213
1529425645,2018/06/19 12:27:25 EDT,response,100411,Dalton,7412
1529425661,2018/06/19 12:27:41 EDT,response,100412,Casey,7100
1529425388,2018/06/19 12:23:08 EDT,response,100413,Larissa,3905
1529425891,2018/06/19 12:31:31 EDT,response,100414,Lillian,8584
1529425335,2018/06/19 12:22:15 EDT,response,100415,Aubrey,9294
1529425312,2018/06/19 12:21:52 EDT,response,100416,Eleanor,4817
1529425881,2018/06/19 12:31:21 EDT,response,100417,Daquan,5463
1529425747,2018/06/19 12:29:07 EDT,response,100418,Leonard,9259
1529425840,2018/06/19 12:30:40 EDT,response,100419,Acton,4702
1529425711,2018/06/19 12:28:31 EDT,response,100420,Darrel,6461
1529425721,2018/06/19 12:28:41 EDT,response,100421,Carlos,3203
1529425694,2018/06/19 12:28:14 EDT,response,100422,Emerald,6075
1529425354,2018/06/19 12:22:34 EDT,response,100423,Keane,8175
1529425703,2018/06/19 12:28:23 EDT,response,100424,Phelan,8100
1529425290,2018/06/19 12:21:30 EDT,response,100425,Dolan,7217
1529425583,2018/06/19 12:26:23 EDT,response,100426,Dana,8291
1529425879,2018/06/19 12:31:19 EDT,response,100427,Kalia,7677
1529425895,2018/06/19 12:31:35 EDT,response,100428,Justine,5694
1529425876,2018/06/19 12:31:16 EDT,response,100429,Kermit,3130
1529425414,2018/06/19 12:23:34 EDT,response,100430,Alden,6486
1529425901,2018/06/19 12:31:41 EDT,response,100431,Jacqueline,5608
1529425143,2018/06/19 12:19:03 EDT,response,100432,Calista,4295
1529425612,2018/06/19 12:26:52 EDT,response,100433,Rose,9723
1529425275,2018/06/19 12:21:15 EDT,response,100434,Denton,8596
1529425864,2018/06/19 12:31:04 EDT,response,100435,Kai,4912
1529425238,2018/06/19 12:20:38 EDT,response,100436,Barrett,4868
1529425138,2018/06/19 12:18:58 EDT,response,100437,Willa,4396
1529425368,2018/06/19 12:22:48 EDT,response,100438,Harrison,3557
1529425852,2018/06/19 12:30:52 EDT,response,100439,Vivian,7339
1529425714,2018/06/19 12:28:34 EDT,response,100440,Vladimir,9031
1529425570,2018/06/19 12:26:10 EDT,response,100441,Debra,7382
1529425602,2018/06/19 12:26:42 EDT,response,100442,Tara,2412
1529425238,2018/06/19 12:20:38 EDT,response,100443,Kane,5934
1529425241,2018/06/19 12:20:41 EDT,response,100444,Kasper,6580
1529425326,2018/06/19 12:22:06 EDT,response,100445,Marvin,3238
1529425853,2018/06/19 12:30:53 EDT,response,100446,Debra,8400
1529425491,2018/06/19 12:24:51 EDT,response,100447,Pamela,5839
1529425617,2018/06/19 12:26:57 EDT,response,100448,Kato,9846
1529425404,2018/06/19 12:23:24 EDT,response,100449,Amity,7247
1529425960,2018/06/19 12:32:40 EDT,response,100450,Bert,3107
1529425623,2018/06/19 12:27:03 EDT,response,100451,Dieter,3800
1529425897,2018/06/19 12:31:37 EDT,response,100452,Sebastian,5028
1529425288,2018/06/19 12:21:28 EDT,response,100453,Jonah,6129
1529425375,2018/06/19 12:22:55 EDT,response,100454,Zena,2204
1529425669,2018/06/19 12:27:49 EDT,response,100455,Unity,5396
1529425199,2018/06/19 12:19:59 EDT,response,100456,Lucas,4951
1529425965,2018/06/19 12:32:45 EDT,response,100457,Nasim,3744
1529425606,2018/06/19 12:26:46 EDT,response,100458,Sylvia,5859
1529425140,2018/06/19 12:19:00 EDT,response,100459,Genevieve,4730
1529425711,2018/06/19 12:28:31 EDT,response,100460,Laith,2546
1529425792,2018/06/19 12:29:52 EDT,response,100461,Noah,5416
1529426004,2018/06/19 12:33:24 EDT,response,100462,William,8065
1529425390,2018/06/19 12:23:10 EDT,response,100463,Hamilton,6209
1529425735,2018/06/19 12:28:55 EDT,response,100464,Rae,3978
1529425495,2018/06/19 12:24:55 EDT,response,100465,Victor,8994
1529425156,2018/06/19 12:19:16 EDT,response,100466,Cullen,4541
1529425651,2018/06/19 12:27:31 EDT,response,100467,Laith,5216
1529425410,2018/06/19 12:23:30 EDT,response,100468,Maxwell,7387
1529425457,2018/06/19 12:24:17 EDT,response,100469,Inez,6808
1529425694,2018/06/19 12:28:14 EDT,response,100470,Uriah,6731
1529425419,2018/06/19 12:23:39 EDT,response,100471,Nigel,2592
1529425713,2018/06/19 12:28:33 EDT,response,100472,Margaret,4694
1529425788,2018/06/19 12:29:48 EDT,response,100473,Forrest,3028
1529426000,2018/06/19 12:33:20 EDT,response,100474,Brielle,8355
1529425346,2018/06/19 12:22:26 EDT,response,100475,Conan,6862
1529425868,2018/06/19 12:31:08 EDT,response,100476,Carlos,9660
1529425726,2018/06/19 12:28:46 EDT,response,100477,Kaye,8224
1529425907,2018/06/19 12:31:47 EDT,response,100478,Jerome,2541
1529425196,2018/06/19 12:19:56 EDT,response,100479,Libby,4139
1529425416,2018/06/19 12:23:36 EDT,response,100480,Margaret,7261
1529425291,2018/06/19 12:21:31 EDT,response,100481,Karyn,5963
1529425905,2018/06/19 12:31:45 EDT,response,100482,Sophia,3023
1529425833,2018/06/19 12:30:33 EDT,response,100483,Inga,8737
1529425698,2018/06/19 12:28:18 EDT,response,100484,Abra,3887
1529425845,2018/06/19 12:30:45 EDT,response,100485,Bruce,7956
1529425922,2018/06/19 12:32:02 EDT,response,100486,Ashely,3540
1529425276,2018/06/19 12:21:16 EDT,response,100487,Felix,5038
1529425920,2018/06/19 12:32:00 EDT,response,100488,Hall,8882
1529425858,2018/06/19 12:30:58 EDT,response,100489,Thomas,6769
1529425606,2018/06/19 12:26:46 EDT,response,100490,Lacy,4553
1529425768,2018/06/19 12:29:28 EDT,response,100491,Jaden,4085
1529425243,2018/06/19 12:20:43 EDT,response,100492,Lester,3127
1529425805,2018/06/19 12:30:05 EDT,response,100493,Maia,3601
1529425869,2018/06/19 12:31:09 EDT,response,100494,Lacey,6514
1529425537,2018/06/19 12:25:37 EDT,response,100495,Hamish,8706
1529425837,2018/06/19 12:30:37 EDT,response,100496,Jennifer,2684
1529425700,2018/06/19 12:28:20 EDT,response,100497,Warren,8807
1529425390,2018/06/19 12:23:10 EDT,response,100498,Veda,8747
1529425666,2018/06/19 12:27:46 EDT,response,100499,Macaulay,6496
1529425329,2018/06/19 12:22:09 EDT,response,100500,Laith,8328
