ACCESS_TIME,ACCESS_DAY,ACCESS_SEC,TYPE,AP_MAC,HMAC,HDEV,CNT,ASSO_CNT,MAX_ACCESS_TIME,USRINF_SEX,USRINF_AGE,USRINF_ADDR_CD_2,USRINF_ADDR_CD_5,USRINF_PREF,USRINF_CITY,APINF_SB_ID,APINF_ADDR_CD_2,APINF_ADDR_CD_5,APINF_ADDR_CD_11,APINF_CITY,APINF_PREF,APINF_SECTION,APINF_STREET,APINF_LAT,APINF_LNG,APINF_CATEGORY1,APINF_CATEGORY2,APINF_VENUE
2018-01-03 11:30:00,2018-01-03,41400,0,apmac1,dev1,dev1,2,1,2018-01-03 11:44:00,1,20,22,22131,静岡県,浜松市中区,apinf1,26,26106,null,京都府,京都市下京区,東塩小路町,null,34.986,135.761,2100000,2103000,venue511
2018-01-03 11:15:00,2018-01-03,40500,0,apmac2,dev2,dev2,1,0,2018-01-03 11:21:00,0,40,13,13113,東京都,渋谷区,apinf2,26,26106,null,京都府,京都市下京区,東塩小路町,null,34.986,135.761,2100000,2103000,venue510
2018-01-03 11:15:00,2018-01-03,40500,0,apmac3,dev3,dev3,3,0,2018-01-03 11:18:00,1,45,11,11208,埼玉県,所沢市,apinf3,26,26107,null,京都府,京都市南区,東九条室町,null,34.984,135.757,1900000,1913000,venue509
2018-01-03 11:00:00,2018-01-03,39600,0,apmac4,dev4,dev4,2,1,2018-01-03 11:09:00,1,20,12,12203,千葉県,市川市,apinf4,26,26106,null,京都府,京都市下京区,東塩小路町,null,34.986,135.761,2100000,2103000,venue508
2018-01-03 11:30:00,2018-01-03,41400,0,apmac5,dev5,dev5,4,2,2018-01-03 11:37:00,1,25,13,13112,東京都,世田谷区,apinf5,26,26106,null,京都府,京都市下京区,東塩小路　釜殿町,null,34.985,135.759,3100000,3140000,venue507
2018-01-03 11:15:00,2018-01-03,40500,0,apmac6,dev6,dev6,5,1,2018-01-03 11:16:00,0,35,13,13203,東京都,武蔵野市,apinf6,26,26106,null,京都府,京都市下京区,東塩小路町,null,34.987,135.757,3500000,3501019,venue506
2018-01-03 11:00:00,2018-01-03,39600,0,apmac7,dev7,dev7,1,0,2018-01-03 11:13:00,1,60,23,23206,愛知県,春日井市,apinf7,26,26106,null,京都府,京都市下京区,真苧屋町,真苧屋町,34.989,135.76,3500000,3501019,venue505
2018-01-03 11:45:00,2018-01-03,42300,0,apmac8,dev8,dev8,1,0,2018-01-03 11:46:00,1,35,23,23233,愛知県,清須市,apinf8,26,26106,null,京都府,京都市下京区,東塩小路町,null,34.986,135.761,2100000,2103000,venue504
2018-01-03 11:45:00,2018-01-03,42300,0,apmac9,dev9,dev9,1,0,2018-01-03 11:49:00,,,13,13103,東京都,港区,apinf9,26,26106,null,京都府,京都市下京区,東塩小路町,null,34.986,135.761,2100000,2103000,venue503
2018-01-03 11:45:00,2018-01-03,42300,0,apmac10,dev10,dev10,1,0,2018-01-03 11:52:00,1,50,23,23226,愛知県,尾張旭市,apinf10,26,26106,null,京都府,京都市下京区,東塩小路町,null,34.987,135.76,3500000,3526000,venue502
2018-01-03 11:45:00,2018-01-03,42300,0,apmac11,dev11,dev11,4,2,2018-01-03 11:59:00,,,22,22131,静岡県,浜松市中区,apinf11,26,26106,null,京都府,京都市下京区,東塩小路　釜殿町,null,34.985,135.759,3100000,3140000,venue501
2018-01-03 11:30:00,2018-01-03,41400,0,apmac12,dev12,dev12,2,1,2018-01-03 11:44:00,1,55,12,12203,千葉県,市川市,apinf12,26,26106,null,京都府,京都市下京区,夷之町,null,34.989,135.756,3200000,3214000,venue500
2018-01-03 11:00:00,2018-01-03,39600,0,apmac13,dev13,dev13,1,0,2018-01-03 11:03:00,1,30,23,23211,愛知県,豊田市,apinf13,26,26106,null,京都府,京都市下京区,東塩小路町,null,34.987,135.761,3100000,3123000,venue499
2018-01-03 11:00:00,2018-01-03,39600,0,apmac14,dev14,dev14,4,0,2018-01-03 11:13:00,,,13,13101,東京都,千代田区,apinf14,26,26107,null,京都府,京都市南区,東九条西山王町,null,34.984,135.76,3400000,3406000,venue498
2018-01-03 11:00:00,2018-01-03,39600,0,apmac15,dev15,dev15,1,0,2018-01-03 11:01:00,,,13,13103,東京都,港区,apinf15,26,26106,null,京都府,京都市下京区,東塩小路町,null,34.987,135.76,null,null,venue497
2018-01-03 11:00:00,2018-01-03,39600,0,apmac16,dev16,dev16,4,2,2018-01-03 11:02:00,1,30,23,23201,愛知県,豊橋市,apinf16,26,26106,null,京都府,京都市下京区,東塩小路町,東塩小路町,34.986,135.759,3500000,3508000,venue496
2018-01-03 11:15:00,2018-01-03,40500,0,apmac17,dev17,dev17,1,0,2018-01-03 11:15:00,,,14,14153,神奈川県,相模原市南区,apinf17,26,26106,null,京都府,京都市下京区,東塩小路町,東塩小路町,34.986,135.759,3500000,3508000,venue495
2018-01-03 11:15:00,2018-01-03,40500,0,apmac18,dev18,dev18,5,3,2018-01-03 11:25:00,0,30,14,14109,神奈川県,横浜市港北区,apinf18,26,26106,null,京都府,京都市下京区,東塩小路町,null,34.986,135.761,2100000,2103000,venue494
2018-01-03 11:00:00,2018-01-03,39600,0,apmac19,dev19,dev19,1,0,2018-01-03 11:07:00,,,14,14153,神奈川県,相模原市南区,apinf19,26,26106,null,京都府,京都市下京区,東塩小路町,null,34.986,135.761,2100000,2103000,venue493
2018-01-03 11:00:00,2018-01-03,39600,0,apmac20,dev20,dev20,2,0,2018-01-03 11:01:00,,,13,13103,東京都,港区,apinf20,26,26106,null,京都府,京都市下京区,真苧屋町,真苧屋町,34.989,135.76,3100000,3122000,venue492
2018-01-03 11:00:00,2018-01-03,39600,0,apmac21,dev21,dev21,1,0,2018-01-03 11:09:00,,,14,14153,神奈川県,相模原市南区,apinf21,26,26106,null,京都府,京都市下京区,東塩小路町,null,34.986,135.761,2100000,2103000,venue491
2018-01-03 11:00:00,2018-01-03,39600,0,apmac22,dev22,dev22,4,2,2018-01-03 11:10:00,0,40,13,13113,東京都,渋谷区,apinf22,26,26106,null,京都府,京都市下京区,東塩小路町,null,34.987,135.761,3100000,3123000,venue490
2018-01-03 11:15:00,2018-01-03,40500,0,apmac23,dev23,dev23,2,1,2018-01-03 11:23:00,1,45,13,13120,東京都,練馬区,apinf23,26,26106,null,京都府,京都市下京区,東塩小路　釜殿町,null,34.985,135.759,3100000,3140000,venue489
2018-01-03 11:30:00,2018-01-03,41400,0,apmac24,dev24,dev24,19,10,2018-01-03 11:44:00,0,45,12,12104,千葉県,千葉市若葉区,apinf24,26,26106,null,京都府,京都市下京区,東塩小路町,東塩小路町,34.986,135.759,3500000,3508000,venue488
2018-01-03 11:30:00,2018-01-03,41400,0,apmac25,dev25,dev25,6,3,2018-01-03 11:39:00,0,35,13,13123,東京都,江戸川区,apinf25,26,26106,null,京都府,京都市下京区,東塩小路町,null,34.986,135.761,2100000,2103000,venue487
2018-01-03 11:30:00,2018-01-03,41400,0,apmac26,dev26,dev26,2,1,2018-01-03 11:39:00,1,20,23,23204,愛知県,瀬戸市,apinf26,26,26106,null,京都府,京都市下京区,東塩小路町,東塩小路町,34.986,135.759,3500000,3508000,venue486
2018-01-03 11:00:00,2018-01-03,39600,0,apmac27,dev27,dev27,2,1,2018-01-03 11:13:00,1,10,14,14134,神奈川県,川崎市高津区,apinf27,26,26106,null,京都府,京都市下京区,真苧屋町,真苧屋町,34.989,135.76,3500000,3501019,venue485
2018-01-03 11:30:00,2018-01-03,41400,0,apmac28,dev28,dev28,1,0,2018-01-03 11:30:00,0,45,12,12104,千葉県,千葉市若葉区,apinf28,26,26106,null,京都府,京都市下京区,東塩小路町,null,34.986,135.761,2100000,2103000,venue484
2018-01-03 11:30:00,2018-01-03,41400,0,apmac29,dev29,dev29,2,2,2018-01-03 11:39:00,,,13,13108,東京都,江東区,apinf29,26,26106,null,京都府,京都市下京区,東塩小路　高倉町,null,34.984,135.759,3100000,3122000/3173000,venue483
2018-01-03 11:45:00,2018-01-03,42300,0,apmac30,dev30,dev30,4,2,2018-01-03 11:47:00,,,13,13113,東京都,渋谷区,apinf30,26,26106,null,京都府,京都市下京区,東塩小路町,null,34.988,135.76,2100000,2102001/2103000,venue482
2018-01-03 11:45:00,2018-01-03,42300,0,apmac31,dev31,dev31,2,1,2018-01-03 11:46:00,0,15,12,12103,千葉県,千葉市稲毛区,apinf31,26,26106,null,京都府,京都市下京区,東塩小路町,null,34.987,135.76,3200000,3227001,venue481
2018-01-03 11:15:00,2018-01-03,40500,0,apmac32,dev32,dev32,3,0,2018-01-03 11:17:00,,,13,13101,東京都,千代田区,apinf32,26,26106,null,京都府,京都市下京区,東塩小路町,東塩小路町,34.986,135.759,3500000,3508000,venue480
2018-01-03 11:30:00,2018-01-03,41400,0,apmac33,dev33,dev33,2,0,2018-01-03 11:37:00,1,45,13,13227,東京都,羽村市,apinf33,26,26106,null,京都府,京都市下京区,東塩小路町,null,34.986,135.761,2100000,2103000,venue479
2018-01-03 11:30:00,2018-01-03,41400,0,apmac34,dev34,dev34,5,0,2018-01-03 11:43:00,,,13,13101,東京都,千代田区,apinf34,26,26107,null,京都府,京都市南区,東九条西山王町,null,34.984,135.76,3400000,3406000,venue478
2018-01-03 11:30:00,2018-01-03,41400,0,apmac35,dev35,dev35,4,0,2018-01-03 11:36:00,,,13,13101,東京都,千代田区,apinf35,26,26106,null,京都府,京都市下京区,東塩小路　釜殿町,null,34.985,135.759,3100000,3140000,venue477
2018-01-03 11:45:00,2018-01-03,42300,0,apmac36,dev36,dev36,2,1,2018-01-03 11:59:00,,,13,13109,東京都,品川区,apinf36,26,26106,null,京都府,京都市下京区,東塩小路町,null,34.986,135.761,2100000,2103000,venue476
2018-01-03 11:00:00,2018-01-03,39600,0,apmac37,dev37,dev37,1,0,2018-01-03 11:12:00,0,55,11,11203,埼玉県,川口市,apinf37,26,26107,null,京都府,京都市南区,東九条室町,null,34.984,135.757,1900000,1913000,venue475
2018-01-03 11:00:00,2018-01-03,39600,0,apmac38,dev38,dev38,1,0,2018-01-03 11:11:00,0,40,14,14109,神奈川県,横浜市港北区,apinf38,26,26106,null,京都府,京都市下京区,東塩小路町,null,34.988,135.76,3700000,3728000,venue474
2018-01-03 11:00:00,2018-01-03,39600,0,apmac39,dev39,dev39,1,0,2018-01-03 11:12:00,,,13,13101,東京都,千代田区,apinf39,26,26106,null,京都府,京都市下京区,真苧屋町,真苧屋町,34.989,135.761,3100000,3167000,venue473
2018-01-03 11:45:00,2018-01-03,42300,0,apmac40,dev40,dev40,2,0,2018-01-03 11:56:00,,,13,13101,東京都,千代田区,apinf40,26,26106,null,京都府,京都市下京区,塩小路町,null,34.988,135.761,3100000,3119000,venue472
2018-01-03 11:15:00,2018-01-03,40500,0,apmac41,dev41,dev41,3,1,2018-01-03 11:24:00,0,35,13,13123,東京都,江戸川区,apinf41,26,26106,null,京都府,京都市下京区,東塩小路町,null,34.986,135.761,2100000,2103000,venue471
2018-01-03 11:15:00,2018-01-03,40500,0,apmac42,dev42,dev42,2,1,2018-01-03 11:22:00,1,20,23,23204,愛知県,瀬戸市,apinf42,26,26106,null,京都府,京都市下京区,東塩小路町,null,34.987,135.761,3100000,3123000,venue470
2018-01-03 11:30:00,2018-01-03,41400,0,apmac43,dev43,dev43,8,4,2018-01-03 11:42:00,,,13,13108,東京都,江東区,apinf43,26,26107,null,京都府,京都市南区,東九条室町,null,34.984,135.757,1900000,1913000,venue469
2018-01-03 11:30:00,2018-01-03,41400,0,apmac44,dev44,dev44,2,1,2018-01-03 11:44:00,0,50,14,14105,神奈川県,横浜市南区,apinf44,26,26106,null,京都府,京都市下京区,東塩小路町,null,34.987,135.76,3500000,3526000,venue468
2018-01-03 11:15:00,2018-01-03,40500,0,apmac45,dev45,dev45,1,0,2018-01-03 11:25:00,,,14,14153,神奈川県,相模原市南区,apinf45,26,26106,null,京都府,京都市下京区,東塩小路町,null,34.986,135.761,2100000,2103000,venue467
2018-01-03 11:45:00,2018-01-03,42300,0,apmac46,dev46,dev46,12,6,2018-01-03 11:49:00,1,55,14,14114,神奈川県,横浜市瀬谷区,apinf46,26,26106,null,京都府,京都市下京区,東塩小路町,null,34.987,135.76,null,null,venue466
2018-01-03 11:45:00,2018-01-03,42300,0,apmac47,dev47,dev47,2,1,2018-01-03 11:52:00,,,13,13113,東京都,渋谷区,apinf47,26,26106,null,京都府,京都市下京区,東塩小路町,東塩小路町,34.988,135.759,3100000,3169000,venue465
2018-01-03 11:15:00,2018-01-03,40500,0,apmac48,dev48,dev48,10,5,2018-01-03 11:28:00,,,13,13108,東京都,江東区,apinf48,26,26107,null,京都府,京都市南区,東九条室町,null,34.984,135.757,1900000,1913000,venue464
2018-01-03 11:00:00,2018-01-03,39600,0,apmac49,dev49,dev49,1,0,2018-01-03 11:04:00,,,14,14153,神奈川県,相模原市南区,apinf49,26,26106,null,京都府,京都市下京区,東塩小路町,null,34.987,135.76,3500000,3526000,venue463
2018-01-03 11:00:00,2018-01-03,39600,0,apmac50,dev50,dev50,5,3,2018-01-03 11:14:00,,,13,13103,東京都,港区,apinf50,26,26106,null,京都府,京都市下京区,東塩小路町,null,34.988,135.759,2100000,2103000,venue462
2018-01-03 11:30:00,2018-01-03,41400,0,apmac51,dev51,dev51,1,1,2018-01-03 11:39:00,,,13,13104,東京都,新宿区,apinf51,26,26106,null,京都府,京都市下京区,東塩小路町,null,34.986,135.761,2100000,2103000,venue461
2018-01-03 11:30:00,2018-01-03,41400,0,apmac52,dev52,dev52,2,1,2018-01-03 11:35:00,0,35,10,10204,群馬県,伊勢崎市,apinf52,26,26106,null,京都府,京都市下京区,東塩小路町,null,34.986,135.761,2100000,2103000,venue460
2018-01-03 11:15:00,2018-01-03,40500,0,apmac53,dev53,dev53,4,0,2018-01-03 11:19:00,1,50,13,13105,東京都,文京区,apinf53,26,26107,null,京都府,京都市南区,東九条室町,null,34.984,135.757,1900000,1913000,venue459
2018-01-03 11:15:00,2018-01-03,40500,0,apmac54,dev54,dev54,1,0,2018-01-03 11:21:00,,,13,13103,東京都,港区,apinf54,26,26106,null,京都府,京都市下京区,東境町,null,34.989,135.759,2000000,2020026,venue458
2018-01-03 11:00:00,2018-01-03,39600,0,apmac55,dev55,dev55,1,0,2018-01-03 11:03:00,,,14,14153,神奈川県,相模原市南区,apinf55,26,26107,null,京都府,京都市南区,東九条西山王町,null,34.983,135.761,3500000,3501019,venue457
2018-01-03 11:45:00,2018-01-03,42300,0,apmac56,dev56,dev56,2,0,2018-01-03 11:53:00,,,13,13103,東京都,港区,apinf56,26,26107,null,京都府,京都市南区,東九条西山王町,null,34.984,135.76,3400000,3406000,venue456
2018-01-03 11:30:00,2018-01-03,41400,0,apmac57,dev57,dev57,1,0,2018-01-03 11:37:00,1,45,13,13227,東京都,羽村市,apinf57,26,26106,null,京都府,京都市下京区,東塩小路町,null,34.986,135.761,2100000,2103000,venue455
2018-01-03 11:15:00,2018-01-03,40500,0,apmac58,dev58,dev58,4,0,2018-01-03 11:29:00,,,13,13101,東京都,千代田区,apinf58,26,26106,null,京都府,京都市下京区,真苧屋町,真苧屋町,34.989,135.76,3100000,3143000,venue454
2018-01-03 11:45:00,2018-01-03,42300,0,apmac59,dev59,dev59,1,0,2018-01-03 11:51:00,,,13,13101,東京都,千代田区,apinf59,26,26107,null,京都府,京都市南区,東九条西山王町,null,34.984,135.76,3400000,3401008,venue453
2018-01-03 11:45:00,2018-01-03,42300,0,apmac60,dev60,dev60,2,1,2018-01-03 11:52:00,1,40,23,23229,愛知県,豊明市,apinf60,26,26106,null,京都府,京都市下京区,東塩小路町,null,34.986,135.761,2100000,2103000,venue452
2018-01-03 11:45:00,2018-01-03,42300,0,apmac61,dev61,dev61,1,0,2018-01-03 11:58:00,0,60,23,23201,愛知県,豊橋市,apinf61,26,26106,null,京都府,京都市下京区,夷之町,夷之町,34.989,135.756,3100000,3123000,venue451
2018-01-03 11:45:00,2018-01-03,42300,0,apmac62,dev62,dev62,3,0,2018-01-03 11:59:00,,,13,13203,東京都,武蔵野市,apinf62,26,26107,null,京都府,京都市南区,東九条室町,null,34.984,135.757,1900000,1913000,venue450
2018-01-03 11:15:00,2018-01-03,40500,0,apmac63,dev63,dev63,2,1,2018-01-03 11:24:00,,,13,13101,東京都,千代田区,apinf63,26,26106,null,京都府,京都市下京区,東塩小路町,null,34.988,135.76,2100000,2102001/2103000,venue449
2018-01-03 11:15:00,2018-01-03,40500,0,apmac64,dev64,dev64,2,1,2018-01-03 11:29:00,1,45,14,14108,神奈川県,横浜市金沢区,apinf64,26,26107,null,京都府,京都市南区,東九条上殿田町,null,34.982,135.76,3100000,3148000,venue448
2018-01-03 11:30:00,2018-01-03,41400,0,apmac65,dev65,dev65,2,1,2018-01-03 11:37:00,1,25,13,13120,東京都,練馬区,apinf65,26,26106,null,京都府,京都市下京区,東塩小路町,null,34.986,135.761,2100000,2103000,venue447
2018-01-03 11:30:00,2018-01-03,41400,0,apmac66,dev66,dev66,1,0,2018-01-03 11:44:00,1,35,13,13110,東京都,目黒区,apinf66,26,26107,null,京都府,京都市南区,東九条西山王町,null,34.984,135.76,3400000,3401008,venue446
2018-01-03 11:00:00,2018-01-03,39600,0,apmac67,dev67,dev67,4,2,2018-01-03 11:01:00,0,10,14,14109,神奈川県,横浜市港北区,apinf67,26,26106,null,京都府,京都市下京区,真苧屋町,真苧屋町,34.989,135.76,3500000,3501019,venue445
2018-01-03 11:00:00,2018-01-03,39600,0,apmac68,dev68,dev68,1,0,2018-01-03 11:01:00,,,13,13103,東京都,港区,apinf68,26,26106,null,京都府,京都市下京区,真苧屋町,真苧屋町,34.989,135.76,3500000,3501019,venue444
2018-01-03 11:45:00,2018-01-03,42300,0,apmac69,dev69,dev69,1,0,2018-01-03 11:50:00,0,55,11,11,埼玉県,null,apinf69,26,26107,null,京都府,京都市南区,東九条室町,null,34.984,135.757,1900000,1913000,venue443
2018-01-03 11:15:00,2018-01-03,40500,0,apmac70,dev70,dev70,2,0,2018-01-03 11:28:00,,,13,13101,東京都,千代田区,apinf70,26,26107,null,京都府,京都市南区,東九条室町,null,34.984,135.757,1900000,1913000,venue442
2018-01-03 11:15:00,2018-01-03,40500,0,apmac71,dev71,dev71,6,3,2018-01-03 11:17:00,,,13,13103,東京都,港区,apinf71,26,26106,null,京都府,京都市下京区,東塩小路町,東塩小路町,34.986,135.759,3500000,3508000,venue441
2018-01-03 11:30:00,2018-01-03,41400,0,apmac72,dev72,dev72,8,4,2018-01-03 11:34:00,0,30,13,13204,東京都,三鷹市,apinf72,26,26106,null,京都府,京都市下京区,東塩小路町,東塩小路町,34.986,135.759,3500000,3508000,venue440
2018-01-03 11:30:00,2018-01-03,41400,0,apmac73,dev73,dev73,1,0,2018-01-03 11:43:00,,,13,13104,東京都,新宿区,apinf73,26,26107,null,京都府,京都市南区,東九条西山王町,null,34.983,135.76,3100000,3148000,venue439
2018-01-03 11:30:00,2018-01-03,41400,0,apmac74,dev74,dev74,1,0,2018-01-03 11:35:00,0,20,12,12,千葉県,null,apinf74,26,26106,null,京都府,京都市下京区,東塩小路町,null,34.986,135.761,2100000,2103000,venue438
2018-01-03 11:30:00,2018-01-03,41400,0,apmac75,dev75,dev75,1,0,2018-01-03 11:35:00,0,55,12,12204,千葉県,船橋市,apinf75,26,26106,null,京都府,京都市下京区,東塩小路町,null,34.986,135.761,2100000,2103000,venue437
2018-01-03 11:45:00,2018-01-03,42300,0,apmac76,dev76,dev76,16,8,2018-01-03 11:57:00,1,20,14,14101,神奈川県,横浜市鶴見区,apinf76,26,26106,null,京都府,京都市下京区,東塩小路　高倉町,null,34.984,135.759,3100000,3122000/3173000,venue436
2018-01-03 11:00:00,2018-01-03,39600,0,apmac77,dev77,dev77,2,0,2018-01-03 11:10:00,,,14,14153,神奈川県,相模原市南区,apinf77,26,26106,null,京都府,京都市下京区,東塩小路町,null,34.987,135.76,3500000,3526000,venue435
2018-01-03 11:00:00,2018-01-03,39600,0,apmac78,dev78,dev78,16,8,2018-01-03 11:12:00,1,20,13,13112,東京都,世田谷区,apinf78,26,26106,null,京都府,京都市下京区,東塩小路町,東塩小路町,34.986,135.759,3500000,3508000,venue434
2018-01-03 11:00:00,2018-01-03,39600,0,apmac79,dev79,dev79,1,0,2018-01-03 11:07:00,,,13,13109,東京都,品川区,apinf79,26,26106,null,京都府,京都市下京区,東塩小路町,null,34.987,135.762,2100000,2102000,venue433
2018-01-03 11:15:00,2018-01-03,40500,0,apmac80,dev80,dev80,1,0,2018-01-03 11:22:00,,,13,13103,東京都,港区,apinf80,26,26106,null,京都府,京都市下京区,東塩小路町,東塩小路町,34.986,135.759,3500000,3508000,venue432
2018-01-03 11:30:00,2018-01-03,41400,0,apmac81,dev81,dev81,24,12,2018-01-03 11:39:00,,,13,13104,東京都,新宿区,apinf81,26,26106,null,京都府,京都市下京区,東塩小路町,東塩小路町,34.986,135.759,3500000,3508000,venue431
2018-01-03 11:00:00,2018-01-03,39600,0,apmac82,dev82,dev82,1,0,2018-01-03 11:10:00,,,13,13101,東京都,千代田区,apinf82,26,26106,null,京都府,京都市下京区,東塩小路町,null,34.986,135.761,2100000,2103000,venue430
2018-01-03 11:00:00,2018-01-03,39600,0,apmac83,dev83,dev83,1,0,2018-01-03 11:14:00,0,45,13,13111,東京都,大田区,apinf83,26,26106,null,京都府,京都市下京区,東塩小路町,null,34.987,135.76,3500000,3526000,venue429
2018-01-03 11:15:00,2018-01-03,40500,0,apmac84,dev84,dev84,1,0,2018-01-03 11:21:00,,,13,13101,東京都,千代田区,apinf84,26,26107,null,京都府,京都市南区,東九条西山王町,null,34.984,135.76,3400000,3401008,venue428
2018-01-03 11:45:00,2018-01-03,42300,0,apmac85,dev85,dev85,8,4,2018-01-03 11:59:00,1,50,14,14111,神奈川県,横浜市港南区,apinf85,26,26106,null,京都府,京都市下京区,東塩小路町,東塩小路町,34.986,135.759,3500000,3508000,venue427
2018-01-03 11:45:00,2018-01-03,42300,0,apmac86,dev86,dev86,7,3,2018-01-03 11:59:00,1,25,11,11201,埼玉県,川越市,apinf86,26,26106,null,京都府,京都市下京区,東塩小路町,null,34.986,135.761,2100000,2103000,venue426
2018-01-03 11:45:00,2018-01-03,42300,0,apmac87,dev87,dev87,1,0,2018-01-03 11:55:00,0,30,13,13120,東京都,練馬区,apinf87,26,26107,null,京都府,京都市南区,東九条上殿田町,null,34.983,135.759,3200000,3213000,venue425
2018-01-03 11:45:00,2018-01-03,42300,0,apmac88,dev88,dev88,2,1,2018-01-03 11:59:00,0,65,14,14117,神奈川県,横浜市青葉区,apinf88,26,26106,null,京都府,京都市下京区,東塩小路町,null,34.986,135.761,2100000,2103000,venue424
2018-01-03 11:45:00,2018-01-03,42300,0,apmac89,dev89,dev89,8,4,2018-01-03 11:47:00,0,35,23,23213,愛知県,西尾市,apinf89,26,26106,null,京都府,京都市下京区,東塩小路町,東塩小路町,34.986,135.759,3500000,3508000,venue423
2018-01-03 11:00:00,2018-01-03,39600,0,apmac90,dev90,dev90,4,3,2018-01-03 11:01:00,1,45,23,23207,愛知県,豊川市,apinf90,26,26106,null,京都府,京都市下京区,東塩小路町,東塩小路町,34.986,135.759,3500000,3508000,venue422
2018-01-03 11:00:00,2018-01-03,39600,0,apmac91,dev91,dev91,2,1,2018-01-03 11:04:00,1,25,23,23101,愛知県,名古屋市千種区,apinf91,26,26106,null,京都府,京都市下京区,東塩小路町,東塩小路町,34.986,135.759,3500000,3508000,venue421
2018-01-03 11:00:00,2018-01-03,39600,0,apmac92,dev92,dev92,1,1,2018-01-03 11:14:00,0,35,14,14112,神奈川県,横浜市旭区,apinf92,26,26107,null,京都府,京都市南区,東九条西山王町,null,34.984,135.76,3400000,3401008,venue420
2018-01-03 11:00:00,2018-01-03,39600,0,apmac93,dev93,dev93,26,13,2018-01-03 11:11:00,1,20,13,13111,東京都,大田区,apinf93,26,26106,null,京都府,京都市下京区,東塩小路町,東塩小路町,34.986,135.759,3500000,3508000,venue419
2018-01-03 11:30:00,2018-01-03,41400,0,apmac94,dev94,dev94,1,0,2018-01-03 11:42:00,,,13,13103,東京都,港区,apinf94,26,26106,null,京都府,京都市下京区,東塩小路町,null,34.986,135.761,2100000,2103000,venue418
2018-01-03 11:45:00,2018-01-03,42300,0,apmac95,dev95,dev95,4,2,2018-01-03 11:55:00,1,15,11,11203,埼玉県,川口市,apinf95,26,26106,null,京都府,京都市下京区,東塩小路町,東塩小路町,34.986,135.759,3500000,3508000,venue417
2018-01-03 11:45:00,2018-01-03,42300,0,apmac96,dev96,dev96,1,0,2018-01-03 11:58:00,,,13,13103,東京都,港区,apinf96,26,26106,null,京都府,京都市下京区,東塩小路町,null,34.987,135.76,3500000,3526000,venue416
2018-01-03 11:15:00,2018-01-03,40500,0,apmac97,dev97,dev97,1,0,2018-01-03 11:25:00,,,13,13103,東京都,港区,apinf97,26,26106,null,京都府,京都市下京区,東塩小路町,null,34.986,135.761,2100000,2103000,venue415
2018-01-03 11:15:00,2018-01-03,40500,0,apmac98,dev98,dev98,1,0,2018-01-03 11:25:00,,,13,13103,東京都,港区,apinf98,26,26107,null,京都府,京都市南区,東九条室町,null,34.984,135.757,1900000,1913000,venue414
2018-01-03 11:15:00,2018-01-03,40500,0,apmac99,dev99,dev99,89,0,2018-01-03 11:29:00,0,30,14,14,神奈川県,null,apinf99,26,26107,null,京都府,京都市南区,東九条室町,null,34.984,135.757,1900000,1913000,venue413
2018-01-03 11:00:00,2018-01-03,39600,0,apmac100,dev100,dev100,9,4,2018-01-03 11:07:00,,,13,13109,東京都,品川区,apinf100,26,26106,null,京都府,京都市下京区,東塩小路町,null,34.987,135.762,3500000,3501019,venue412
2018-01-03 11:00:00,2018-01-03,39600,0,apmac101,dev101,dev101,3,1,2018-01-03 11:09:00,,,13,13108,東京都,江東区,apinf101,26,26107,null,京都府,京都市南区,東九条室町,null,34.984,135.757,1900000,1913000,venue411
2018-01-03 11:00:00,2018-01-03,39600,0,apmac102,dev102,dev102,1,0,2018-01-03 11:01:00,,,14,14153,神奈川県,相模原市南区,apinf102,26,26106,null,京都府,京都市下京区,東塩小路町,null,34.987,135.761,3100000,3123000,venue410
2018-01-03 11:30:00,2018-01-03,41400,0,apmac103,dev103,dev103,7,3,2018-01-03 11:43:00,0,40,14,14153,神奈川県,相模原市南区,apinf103,26,26106,null,京都府,京都市下京区,東塩小路町,null,34.987,135.761,3100000,3123000,venue409
2018-01-03 11:45:00,2018-01-03,42300,0,apmac104,dev104,dev104,56,0,2018-01-03 11:59:00,0,30,14,14,神奈川県,null,apinf104,26,26107,null,京都府,京都市南区,東九条室町,null,34.984,135.757,1900000,1913000,venue408
2018-01-03 11:45:00,2018-01-03,42300,0,apmac105,dev105,dev105,2,1,2018-01-03 11:47:00,,,13,13101,東京都,千代田区,apinf105,26,26106,null,京都府,京都市下京区,東塩小路町,null,34.988,135.759,3100000,3123000/3173000,venue407
2018-01-03 11:45:00,2018-01-03,42300,0,apmac106,dev106,dev106,1,0,2018-01-03 11:56:00,,,13,13116,東京都,豊島区,apinf106,26,26107,null,京都府,京都市南区,東九条室町,null,34.984,135.757,1900000,1913000,venue406
2018-01-03 11:45:00,2018-01-03,42300,0,apmac107,dev107,dev107,2,1,2018-01-03 11:45:00,,,13,13109,東京都,品川区,apinf107,26,26106,null,京都府,京都市下京区,東塩小路町,東塩小路町,34.987,135.761,3100000,3123000,venue405
2018-01-03 11:45:00,2018-01-03,42300,0,apmac108,dev108,dev108,4,2,2018-01-03 11:50:00,0,35,23,23213,愛知県,西尾市,apinf108,26,26106,null,京都府,京都市下京区,東塩小路町,null,34.987,135.76,3500000,3526000,venue404
2018-01-03 11:30:00,2018-01-03,41400,0,apmac109,dev109,dev109,1,0,2018-01-03 11:35:00,,,14,14153,神奈川県,相模原市南区,apinf109,26,26106,null,京都府,京都市下京区,東塩小路　高倉町,null,34.984,135.759,3100000,3122000/3173000,venue403
2018-01-03 11:15:00,2018-01-03,40500,0,apmac110,dev110,dev110,4,2,2018-01-03 11:29:00,,,13,13103,東京都,港区,apinf110,26,26106,null,京都府,京都市下京区,東塩小路町,null,34.988,135.759,2100000,2103000,venue402
2018-01-03 11:45:00,2018-01-03,42300,0,apmac111,dev111,dev111,2,1,2018-01-03 11:55:00,,,13,13101,東京都,千代田区,apinf111,26,26106,null,京都府,京都市下京区,東塩小路町,東塩小路町,34.986,135.759,3500000,3508000,venue401
2018-01-03 11:45:00,2018-01-03,42300,0,apmac112,dev112,dev112,6,0,2018-01-03 11:58:00,,,13,13101,東京都,千代田区,apinf112,26,26106,null,京都府,京都市下京区,東塩小路町,null,34.988,135.759,3100000,3119000,venue400
2018-01-03 11:00:00,2018-01-03,39600,0,apmac113,dev113,dev113,1,0,2018-01-03 11:07:00,,,14,14153,神奈川県,相模原市南区,apinf113,26,26106,null,京都府,京都市下京区,東塩小路町,null,34.986,135.761,2100000,2103000,venue399
2018-01-03 11:00:00,2018-01-03,39600,0,apmac114,dev114,dev114,2,1,2018-01-03 11:13:00,0,35,13,13122,東京都,葛飾区,apinf114,26,26106,null,京都府,京都市下京区,東塩小路町,東塩小路町,34.988,135.759,3100000,3169000,venue398
2018-01-03 11:00:00,2018-01-03,39600,0,apmac115,dev115,dev115,1,0,2018-01-03 11:12:00,1,30,13,13111,東京都,大田区,apinf115,26,26106,null,京都府,京都市下京区,東塩小路町,null,34.987,135.761,3100000,3123000,venue397
2018-01-03 11:45:00,2018-01-03,42300,0,apmac116,dev116,dev116,2,1,2018-01-03 11:53:00,0,30,13,13120,東京都,練馬区,apinf116,26,26107,null,京都府,京都市南区,東九条西山王町,null,34.984,135.76,3100000/3400000,3122000/3402000,venue396
2018-01-03 11:00:00,2018-01-03,39600,0,apmac117,dev117,dev117,8,4,2018-01-03 11:03:00,1,35,14,14153,神奈川県,相模原市南区,apinf117,26,26106,null,京都府,京都市下京区,東塩小路町,東塩小路町,34.986,135.759,3500000,3508000,venue395
2018-01-03 11:00:00,2018-01-03,39600,0,apmac118,dev118,dev118,1,0,2018-01-03 11:10:00,,,14,14153,神奈川県,相模原市南区,apinf118,26,26106,null,京都府,京都市下京区,東塩小路町,null,34.987,135.76,3500000,3526000,venue394
2018-01-03 11:00:00,2018-01-03,39600,0,apmac119,dev119,dev119,1,0,2018-01-03 11:14:00,0,45,13,13111,東京都,大田区,apinf119,26,26106,null,京都府,京都市下京区,東塩小路町,null,34.988,135.76,3700000,3728000,venue393
2018-01-03 11:00:00,2018-01-03,39600,0,apmac120,dev120,dev120,1,0,2018-01-03 11:05:00,,,13,13106,東京都,台東区,apinf120,26,26106,null,京都府,京都市下京区,東塩小路町,null,34.987,135.76,3500000,3526000,venue392
2018-01-03 11:00:00,2018-01-03,39600,0,apmac121,dev121,dev121,2,1,2018-01-03 11:01:00,0,15,13,13210,東京都,小金井市,apinf121,26,26106,null,京都府,京都市下京区,東塩小路町,null,34.986,135.761,2100000,2103000,venue391
2018-01-03 11:00:00,2018-01-03,39600,0,apmac122,dev122,dev122,2,0,2018-01-03 11:12:00,,,13,13101,東京都,千代田区,apinf122,26,26107,null,京都府,京都市南区,東九条室町,null,34.984,135.757,1900000,1913000,venue390
2018-01-03 11:45:00,2018-01-03,42300,0,apmac123,dev123,dev123,1,0,2018-01-03 11:56:00,1,35,23,23202,愛知県,岡崎市,apinf123,26,26107,null,京都府,京都市南区,東九条西山王町,null,34.983,135.76,3100000,3148000,venue389
2018-01-03 11:45:00,2018-01-03,42300,0,apmac124,dev124,dev124,7,4,2018-01-03 11:59:00,,,13,13108,東京都,江東区,apinf124,26,26107,null,京都府,京都市南区,東九条室町,null,34.984,135.757,1900000,1913000,venue388
2018-01-03 11:45:00,2018-01-03,42300,0,apmac125,dev125,dev125,1,0,2018-01-03 11:56:00,1,35,23,23202,愛知県,岡崎市,apinf125,26,26107,null,京都府,京都市南区,東九条西山王町,null,34.983,135.76,3100000,3148000,venue387
2018-01-03 11:45:00,2018-01-03,42300,0,apmac126,dev126,dev126,1,0,2018-01-03 11:57:00,,,13,13103,東京都,港区,apinf126,26,26106,null,京都府,京都市下京区,東塩小路町,東塩小路町,34.986,135.759,3500000,3508000,venue386
2018-01-03 11:15:00,2018-01-03,40500,0,apmac127,dev127,dev127,3,0,2018-01-03 11:27:00,0,55,23,23114,愛知県,名古屋市緑区,apinf127,26,26107,null,京都府,京都市南区,東九条西山王町,null,34.984,135.76,3400000,3406000,venue385
2018-01-03 11:30:00,2018-01-03,41400,0,apmac128,dev128,dev128,67,0,2018-01-03 11:44:00,0,30,14,14,神奈川県,null,apinf128,26,26107,null,京都府,京都市南区,東九条室町,null,34.984,135.757,1900000,1913000,venue384
2018-01-03 11:45:00,2018-01-03,42300,0,apmac129,dev129,dev129,1,0,2018-01-03 11:54:00,0,30,13,13120,東京都,練馬区,apinf129,26,26107,null,京都府,京都市南区,東九条西山王町,null,34.983,135.76,3100000,3148000,venue383
2018-01-03 11:45:00,2018-01-03,42300,0,apmac130,dev130,dev130,4,2,2018-01-03 11:59:00,1,55,13,13108,東京都,江東区,apinf130,26,26106,null,京都府,京都市下京区,真苧屋町,真苧屋町,34.989,135.76,3100000,3122000,venue382
2018-01-03 11:30:00,2018-01-03,41400,0,apmac131,dev131,dev131,1,0,2018-01-03 11:35:00,,,13,13101,東京都,千代田区,apinf131,26,26107,null,京都府,京都市南区,東九条西山王町,null,34.984,135.76,3400000,3401008,venue381
2018-01-03 11:00:00,2018-01-03,39600,0,apmac132,dev132,dev132,1,1,2018-01-03 11:14:00,1,55,13,13108,東京都,江東区,apinf132,26,26106,null,京都府,京都市下京区,真苧屋町,真苧屋町,34.989,135.76,3100000,3122000,venue380
2018-01-03 11:45:00,2018-01-03,42300,0,apmac133,dev133,dev133,6,0,2018-01-03 11:48:00,0,55,13,13113,東京都,渋谷区,apinf133,26,26106,null,京都府,京都市下京区,東塩小路町,null,34.986,135.761,2100000,2103000,venue379
2018-01-03 11:45:00,2018-01-03,42300,0,apmac134,dev134,dev134,2,0,2018-01-03 11:59:00,,,13,13104,東京都,新宿区,apinf134,26,26107,null,京都府,京都市南区,東九条西山王町,null,34.983,135.76,3100000,3148000,venue378
2018-01-03 11:45:00,2018-01-03,42300,0,apmac135,dev135,dev135,4,2,2018-01-03 11:54:00,1,40,23,23207,愛知県,豊川市,apinf135,26,26106,null,京都府,京都市下京区,東塩小路町,東塩小路町,34.986,135.759,3500000,3508000,venue377
2018-01-03 11:00:00,2018-01-03,39600,0,apmac136,dev136,dev136,1,0,2018-01-03 11:12:00,,,13,13103,東京都,港区,apinf136,26,26106,null,京都府,京都市下京区,東塩小路町,null,34.986,135.761,2100000,2103000,venue376
2018-01-03 11:00:00,2018-01-03,39600,0,apmac137,dev137,dev137,1,0,2018-01-03 11:13:00,0,40,14,14109,神奈川県,横浜市港北区,apinf137,26,26106,null,京都府,京都市下京区,真苧屋町,真苧屋町,34.989,135.76,3100000,3123008,venue375
2018-01-03 11:45:00,2018-01-03,42300,0,apmac138,dev138,dev138,1,0,2018-01-03 11:49:00,,,13,13103,東京都,港区,apinf138,26,26106,null,京都府,京都市下京区,東塩小路町,東塩小路町,34.986,135.759,3500000,3508000,venue374
2018-01-03 11:45:00,2018-01-03,42300,0,apmac139,dev139,dev139,10,5,2018-01-03 11:50:00,,,13,13109,東京都,品川区,apinf139,26,26106,null,京都府,京都市下京区,東塩小路町,東塩小路町,34.986,135.759,3500000,3508000,venue373
2018-01-03 11:45:00,2018-01-03,42300,0,apmac140,dev140,dev140,2,0,2018-01-03 11:48:00,0,55,13,13113,東京都,渋谷区,apinf140,26,26106,null,京都府,京都市下京区,東塩小路町,null,34.987,135.76,3500000,3526000,venue372
2018-01-03 11:45:00,2018-01-03,42300,0,apmac141,dev141,dev141,7,1,2018-01-03 11:55:00,0,30,13,13120,東京都,練馬区,apinf141,26,26107,null,京都府,京都市南区,東九条西山王町,null,34.983,135.76,3100000,3148000,venue371
2018-01-03 11:45:00,2018-01-03,42300,0,apmac142,dev142,dev142,1,0,2018-01-03 11:53:00,,,13,13103,東京都,港区,apinf142,26,26106,null,京都府,京都市下京区,東塩小路町,null,34.988,135.76,3700000,3728000,venue370
2018-01-03 11:15:00,2018-01-03,40500,0,apmac143,dev143,dev143,2,1,2018-01-03 11:16:00,0,35,14,14112,神奈川県,横浜市旭区,apinf143,26,26107,null,京都府,京都市南区,東九条西山王町,null,34.984,135.76,3400000,3406000,venue369
2018-01-03 11:15:00,2018-01-03,40500,0,apmac144,dev144,dev144,6,3,2018-01-03 11:25:00,,,12,12203,千葉県,市川市,apinf144,26,26107,null,京都府,京都市南区,西九条鳥居口町,null,34.983,135.756,3300000,3339000,venue368
2018-01-03 11:15:00,2018-01-03,40500,0,apmac145,dev145,dev145,6,3,2018-01-03 11:26:00,0,30,13,13229,東京都,西東京市,apinf145,26,26106,null,京都府,京都市下京区,東塩小路町,null,34.986,135.761,2100000,2103000,venue367
2018-01-03 11:15:00,2018-01-03,40500,0,apmac146,dev146,dev146,2,1,2018-01-03 11:19:00,0,60,14,14101,神奈川県,横浜市鶴見区,apinf146,26,26106,null,京都府,京都市下京区,真苧屋町,真苧屋町,34.989,135.76,3500000,3501019,venue366
2018-01-03 11:15:00,2018-01-03,40500,0,apmac147,dev147,dev147,1,0,2018-01-03 11:22:00,,,13,13101,東京都,千代田区,apinf147,26,26106,null,京都府,京都市下京区,真苧屋町,真苧屋町,34.989,135.76,3500000,3501019,venue365
2018-01-03 11:30:00,2018-01-03,41400,0,apmac148,dev148,dev148,7,3,2018-01-03 11:44:00,,,13,13103,東京都,港区,apinf148,26,26106,null,京都府,京都市下京区,東塩小路町,null,34.988,135.759,2100000,2103000,venue364
2018-01-03 11:15:00,2018-01-03,40500,0,apmac149,dev149,dev149,1,0,2018-01-03 11:25:00,,,13,13103,東京都,港区,apinf149,26,26106,null,京都府,京都市下京区,東塩小路町,null,34.986,135.761,2100000,2103000,venue363
2018-01-03 11:30:00,2018-01-03,41400,0,apmac150,dev150,dev150,1,0,2018-01-03 11:37:00,1,45,13,13227,東京都,羽村市,apinf150,26,26106,null,京都府,京都市下京区,東塩小路町,null,34.986,135.761,2100000,2103000,venue362
2018-01-03 11:30:00,2018-01-03,41400,0,apmac151,dev151,dev151,2,0,2018-01-03 11:41:00,,,13,13101,東京都,千代田区,apinf151,26,26106,null,京都府,京都市下京区,真苧屋町,真苧屋町,34.989,135.76,3500000,3501019,venue361
2018-01-03 11:45:00,2018-01-03,42300,0,apmac152,dev152,dev152,1,1,2018-01-03 11:49:00,1,35,14,14109,神奈川県,横浜市港北区,apinf152,26,26106,null,京都府,京都市下京区,東塩小路町,null,34.987,135.76,3200000,3227001,venue360
2018-01-03 11:30:00,2018-01-03,41400,0,apmac153,dev153,dev153,2,1,2018-01-03 11:35:00,0,30,13,13102,東京都,中央区,apinf153,26,26106,null,京都府,京都市下京区,東塩小路町,null,34.987,135.761,3100000,3123000,venue359
2018-01-03 11:00:00,2018-01-03,39600,0,apmac154,dev154,dev154,2,0,2018-01-03 11:05:00,,,13,13106,東京都,台東区,apinf154,26,26106,null,京都府,京都市下京区,東塩小路町,東塩小路町,34.986,135.759,3500000,3508000,venue358
2018-01-03 11:45:00,2018-01-03,42300,0,apmac155,dev155,dev155,2,1,2018-01-03 11:56:00,0,60,14,14117,神奈川県,横浜市青葉区,apinf155,26,26106,null,京都府,京都市下京区,東塩小路町,null,34.988,135.759,3100000,3123000/3173000,venue357
2018-01-03 11:45:00,2018-01-03,42300,0,apmac156,dev156,dev156,2,0,2018-01-03 11:48:00,0,55,13,13113,東京都,渋谷区,apinf156,26,26106,null,京都府,京都市下京区,東塩小路町,東塩小路町,34.986,135.759,3500000,3508000,venue356
2018-01-03 11:45:00,2018-01-03,42300,0,apmac157,dev157,dev157,4,4,2018-01-03 11:56:00,1,40,23,23111,愛知県,名古屋市港区,apinf157,26,26106,null,京都府,京都市下京区,東塩小路町,null,34.986,135.761,2100000,2103000,venue355
2018-01-03 11:15:00,2018-01-03,40500,0,apmac158,dev158,dev158,1,0,2018-01-03 11:24:00,,,14,14153,神奈川県,相模原市南区,apinf158,26,26106,null,京都府,京都市下京区,東塩小路町,null,34.987,135.76,3500000,3526000,venue354
2018-01-03 11:00:00,2018-01-03,39600,0,apmac159,dev159,dev159,2,1,2018-01-03 11:03:00,,,14,14110,神奈川県,横浜市戸塚区,apinf159,26,26106,null,京都府,京都市下京区,東塩小路町,null,34.986,135.761,2100000,2103000,venue353
2018-01-03 11:00:00,2018-01-03,39600,0,apmac160,dev160,dev160,2,0,2018-01-03 11:12:00,0,40,14,14109,神奈川県,横浜市港北区,apinf160,26,26106,null,京都府,京都市下京区,東塩小路町,null,34.988,135.76,2100000,2102001/2103000,venue352
2018-01-03 11:00:00,2018-01-03,39600,0,apmac161,dev161,dev161,1,0,2018-01-03 11:08:00,,,13,13102,東京都,中央区,apinf161,26,26106,null,京都府,京都市下京区,東塩小路町,null,34.987,135.76,3500000,3526000,venue351
2018-01-03 11:45:00,2018-01-03,42300,0,apmac162,dev162,dev162,2,1,2018-01-03 11:54:00,0,30,14,14131,神奈川県,川崎市川崎区,apinf162,26,26106,null,京都府,京都市下京区,東塩小路町,null,34.988,135.759,3100000,3123000/3173000,venue350
2018-01-03 11:45:00,2018-01-03,42300,0,apmac163,dev163,dev163,1,0,2018-01-03 11:48:00,0,55,13,13113,東京都,渋谷区,apinf163,26,26106,null,京都府,京都市下京区,東塩小路町,null,34.986,135.761,2100000,2103000,venue349
2018-01-03 11:45:00,2018-01-03,42300,0,apmac164,dev164,dev164,6,3,2018-01-03 11:57:00,1,25,13,13113,東京都,渋谷区,apinf164,26,26106,null,京都府,京都市下京区,東塩小路町,null,34.986,135.761,2100000,2103000,venue348
2018-01-03 11:30:00,2018-01-03,41400,0,apmac165,dev165,dev165,10,5,2018-01-03 11:44:00,1,20,14,14101,神奈川県,横浜市鶴見区,apinf165,26,26106,null,京都府,京都市下京区,東塩小路　高倉町,null,34.984,135.759,3100000,3122000/3173000,venue347
2018-01-03 11:45:00,2018-01-03,42300,0,apmac166,dev166,dev166,2,1,2018-01-03 11:48:00,,,13,13113,東京都,渋谷区,apinf166,26,26106,null,京都府,京都市下京区,東塩小路町,null,34.988,135.76,3700000,3728000,venue346
2018-01-03 11:15:00,2018-01-03,40500,0,apmac167,dev167,dev167,1,0,2018-01-03 11:18:00,,,14,14153,神奈川県,相模原市南区,apinf167,26,26106,null,京都府,京都市下京区,東塩小路町,null,34.986,135.761,2100000,2103000,venue345
2018-01-03 11:45:00,2018-01-03,42300,0,apmac168,dev168,dev168,8,4,2018-01-03 11:59:00,,,13,13108,東京都,江東区,apinf168,26,26107,null,京都府,京都市南区,東九条室町,null,34.984,135.757,1900000,1913000,venue344
2018-01-03 11:30:00,2018-01-03,41400,0,apmac169,dev169,dev169,1,0,2018-01-03 11:39:00,1,50,13,13,東京都,null,apinf169,26,26106,null,京都府,京都市下京区,東塩小路町,null,34.988,135.76,3700000,3728000,venue343
2018-01-03 11:45:00,2018-01-03,42300,0,apmac170,dev170,dev170,2,1,2018-01-03 11:45:00,,,13,13103,東京都,港区,apinf170,26,26106,null,京都府,京都市下京区,東塩小路町,null,34.988,135.759,2100000,2103000,venue342
2018-01-03 11:45:00,2018-01-03,42300,0,apmac171,dev171,dev171,3,0,2018-01-03 11:52:00,1,50,23,23226,愛知県,尾張旭市,apinf171,26,26106,null,京都府,京都市下京区,東塩小路町,null,34.986,135.761,2100000,2103000,venue341
2018-01-03 11:45:00,2018-01-03,42300,0,apmac172,dev172,dev172,2,1,2018-01-03 11:56:00,,,13,13111,東京都,大田区,apinf172,26,26106,null,京都府,京都市下京区,東塩小路町,null,34.987,135.76,3700000,3739000,venue340
2018-01-03 11:45:00,2018-01-03,42300,0,apmac173,dev173,dev173,21,10,2018-01-03 11:59:00,1,25,11,11201,埼玉県,川越市,apinf173,26,26106,null,京都府,京都市下京区,東塩小路町,東塩小路町,34.986,135.759,3500000,3508000,venue339
2018-01-03 11:45:00,2018-01-03,42300,0,apmac174,dev174,dev174,1,0,2018-01-03 11:45:00,,,13,13103,東京都,港区,apinf174,26,26106,null,京都府,京都市下京区,東塩小路町,null,34.987,135.757,2100000,2102000,venue338
2018-01-03 11:45:00,2018-01-03,42300,0,apmac175,dev175,dev175,3,0,2018-01-03 11:57:00,1,35,23,23202,愛知県,岡崎市,apinf175,26,26107,null,京都府,京都市南区,東九条西山王町,null,34.984,135.76,3100000/3400000,3122000/3402000,venue337
2018-01-03 11:45:00,2018-01-03,42300,0,apmac176,dev176,dev176,22,8,2018-01-03 11:59:00,0,20,23,23302,愛知県,愛知郡東郷町,apinf176,26,26106,null,京都府,京都市下京区,東塩小路町,東塩小路町,34.986,135.759,3500000,3508000,venue336
2018-01-03 11:45:00,2018-01-03,42300,0,apmac177,dev177,dev177,1,1,2018-01-03 11:53:00,,,13,13109,東京都,品川区,apinf177,26,26106,null,京都府,京都市下京区,東塩小路町,null,34.987,135.76,3200000,3227001,venue335
2018-01-03 11:45:00,2018-01-03,42300,0,apmac178,dev178,dev178,5,3,2018-01-03 11:49:00,0,25,10,10202,群馬県,高崎市,apinf178,26,26106,null,京都府,京都市下京区,東塩小路町,null,34.987,135.757,3500000,3501019,venue334
2018-01-03 11:15:00,2018-01-03,40500,0,apmac179,dev179,dev179,2,1,2018-01-03 11:17:00,,,13,13103,東京都,港区,apinf179,26,26106,null,京都府,京都市下京区,東塩小路町,null,34.986,135.761,2100000,2103000,venue333
2018-01-03 11:45:00,2018-01-03,42300,0,apmac180,dev180,dev180,1,0,2018-01-03 11:54:00,,,14,14153,神奈川県,相模原市南区,apinf180,26,26106,null,京都府,京都市下京区,東塩小路町,東塩小路町,34.986,135.759,3500000,3508000,venue332
2018-01-03 11:45:00,2018-01-03,42300,0,apmac181,dev181,dev181,3,0,2018-01-03 11:57:00,1,35,23,23202,愛知県,岡崎市,apinf181,26,26107,null,京都府,京都市南区,東九条西山王町,null,34.983,135.761,3500000,3501019,venue331
2018-01-03 11:45:00,2018-01-03,42300,0,apmac182,dev182,dev182,2,1,2018-01-03 11:56:00,1,50,12,12105,千葉県,千葉市緑区,apinf182,26,26106,null,京都府,京都市下京区,真苧屋町,真苧屋町,34.989,135.76,3500000,3501019,venue330
2018-01-03 11:45:00,2018-01-03,42300,0,apmac183,dev183,dev183,3,0,2018-01-03 11:47:00,1,35,23,23233,愛知県,清須市,apinf183,26,26106,null,京都府,京都市下京区,東塩小路町,null,34.986,135.761,2100000,2103000,venue329
2018-01-03 11:45:00,2018-01-03,42300,0,apmac184,dev184,dev184,2,1,2018-01-03 11:51:00,1,15,12,12106,千葉県,千葉市美浜区,apinf184,26,26106,null,京都府,京都市下京区,粉川町,粉川町,34.99,135.76,3100000,3123000,venue328
2018-01-03 11:45:00,2018-01-03,42300,0,apmac185,dev185,dev185,2,1,2018-01-03 11:56:00,,,22,22210,静岡県,富士市,apinf185,26,26107,null,京都府,京都市南区,東九条室町,null,34.984,135.757,1900000,1913000,venue327
2018-01-03 11:00:00,2018-01-03,39600,0,apmac186,dev186,dev186,2,1,2018-01-03 11:09:00,0,50,11,11234,埼玉県,八潮市,apinf186,26,26106,null,京都府,京都市下京区,東塩小路町,null,34.987,135.762,2100000,2102000,venue326
2018-01-03 11:00:00,2018-01-03,39600,0,apmac187,dev187,dev187,5,2,2018-01-03 11:00:00,0,40,13,13115,東京都,杉並区,apinf187,26,26106,null,京都府,京都市下京区,東塩小路町,null,34.987,135.76,null,null,venue325
2018-01-03 11:00:00,2018-01-03,39600,0,apmac188,dev188,dev188,1,0,2018-01-03 11:01:00,,,13,13103,東京都,港区,apinf188,26,26106,null,京都府,京都市下京区,東塩小路　釜殿町,null,34.985,135.759,3100000,3140000,venue324
2018-01-03 11:30:00,2018-01-03,41400,0,apmac189,dev189,dev189,4,2,2018-01-03 11:43:00,,,13,13204,東京都,三鷹市,apinf189,26,26107,null,京都府,京都市南区,東九条西山王町,null,34.984,135.76,3100000/3400000,3122000/3402000,venue323
2018-01-03 11:30:00,2018-01-03,41400,0,apmac190,dev190,dev190,4,0,2018-01-03 11:38:00,1,50,13,13,東京都,null,apinf190,26,26106,null,京都府,京都市下京区,東塩小路町,null,34.987,135.76,3500000,3526000,venue322
2018-01-03 11:00:00,2018-01-03,39600,0,apmac191,dev191,dev191,6,3,2018-01-03 11:07:00,1,20,14,14136,神奈川県,川崎市宮前区,apinf191,26,26106,null,京都府,京都市下京区,東塩小路町,東塩小路町,34.986,135.759,3500000,3508000,venue321
2018-01-03 11:00:00,2018-01-03,39600,0,apmac192,dev192,dev192,1,0,2018-01-03 11:13:00,,,13,13106,東京都,台東区,apinf192,26,26106,null,京都府,京都市下京区,東塩小路町,null,34.988,135.76,3700000,3728000,venue320
2018-01-03 11:45:00,2018-01-03,42300,0,apmac193,dev193,dev193,9,4,2018-01-03 11:54:00,0,45,12,12104,千葉県,千葉市若葉区,apinf193,26,26106,null,京都府,京都市下京区,東塩小路町,東塩小路町,34.986,135.759,3500000,3508000,venue319
2018-01-03 11:45:00,2018-01-03,42300,0,apmac194,dev194,dev194,6,3,2018-01-03 11:57:00,,,13,13113,東京都,渋谷区,apinf194,26,26106,null,京都府,京都市下京区,東塩小路町,null,34.987,135.761,3100000,3123000,venue318
2018-01-03 11:45:00,2018-01-03,42300,0,apmac195,dev195,dev195,16,8,2018-01-03 11:51:00,1,40,23,23229,愛知県,豊明市,apinf195,26,26106,null,京都府,京都市下京区,東塩小路町,東塩小路町,34.986,135.759,3500000,3508000,venue317
2018-01-03 11:15:00,2018-01-03,40500,0,apmac196,dev196,dev196,1,1,2018-01-03 11:24:00,0,20,12,12,千葉県,null,apinf196,26,26106,null,京都府,京都市下京区,東塩小路町,null,34.986,135.761,2100000,2103000,venue316
2018-01-03 11:15:00,2018-01-03,40500,0,apmac197,dev197,dev197,1,1,2018-01-03 11:24:00,0,55,12,12204,千葉県,船橋市,apinf197,26,26106,null,京都府,京都市下京区,東塩小路町,null,34.986,135.761,2100000,2103000,venue315
2018-01-03 11:45:00,2018-01-03,42300,0,apmac198,dev198,dev198,2,0,2018-01-03 11:51:00,,,13,13101,東京都,千代田区,apinf198,26,26107,null,京都府,京都市南区,東九条西山王町,null,34.984,135.76,3400000,3406000,venue314
2018-01-03 11:45:00,2018-01-03,42300,0,apmac199,dev199,dev199,2,1,2018-01-03 11:52:00,0,25,23,23201,愛知県,豊橋市,apinf199,26,26107,null,京都府,京都市南区,東九条西山王町,null,34.984,135.76,3400000,3401008,venue313
2018-01-03 11:45:00,2018-01-03,42300,0,apmac200,dev200,dev200,2,1,2018-01-03 11:53:00,,,13,13103,東京都,港区,apinf200,26,26106,null,京都府,京都市下京区,東塩小路町,null,34.988,135.759,2100000,2103000,venue312
2018-01-03 11:00:00,2018-01-03,39600,0,apmac201,dev201,dev201,1,0,2018-01-03 11:03:00,1,55,13,13119,東京都,板橋区,apinf201,26,26106,null,京都府,京都市下京区,東塩小路町,null,34.986,135.761,2100000,2103000,venue311
2018-01-03 11:00:00,2018-01-03,39600,0,apmac202,dev202,dev202,2,1,2018-01-03 11:02:00,,,14,14110,神奈川県,横浜市戸塚区,apinf202,26,26106,null,京都府,京都市下京区,東塩小路町,null,34.987,135.761,3100000,3123000,venue310
2018-01-03 11:00:00,2018-01-03,39600,0,apmac203,dev203,dev203,2,1,2018-01-03 11:14:00,1,25,23,23101,愛知県,名古屋市千種区,apinf203,26,26106,null,京都府,京都市下京区,東塩小路町,null,34.986,135.761,2100000,2103000,venue309
2018-01-03 11:30:00,2018-01-03,41400,0,apmac204,dev204,dev204,1,0,2018-01-03 11:31:00,0,15,13,13210,東京都,小金井市,apinf204,26,26106,null,京都府,京都市下京区,東塩小路町,null,34.986,135.761,2100000,2103000,venue308
2018-01-03 11:00:00,2018-01-03,39600,0,apmac205,dev205,dev205,2,1,2018-01-03 11:02:00,0,55,23,23231,愛知県,田原市,apinf205,26,26106,null,京都府,京都市下京区,東塩小路　釜殿町,null,34.985,135.759,3100000,3130009,venue307
2018-01-03 11:00:00,2018-01-03,39600,0,apmac206,dev206,dev206,1,0,2018-01-03 11:02:00,,,13,13103,東京都,港区,apinf206,26,26106,null,京都府,京都市下京区,東塩小路町,null,34.987,135.761,3100000,3123000,venue306
2018-01-03 11:45:00,2018-01-03,42300,0,apmac207,dev207,dev207,1,1,2018-01-03 11:58:00,1,60,13,13202,東京都,立川市,apinf207,26,26106,null,京都府,京都市下京区,東塩小路　釜殿町,null,34.985,135.759,3100000,3140000,venue305
2018-01-03 11:00:00,2018-01-03,39600,0,apmac208,dev208,dev208,3,2,2018-01-03 11:03:00,,,13,13102,東京都,中央区,apinf208,26,26106,null,京都府,京都市下京区,東塩小路町,null,34.986,135.761,2100000,2103000,venue304
2018-01-03 11:00:00,2018-01-03,39600,0,apmac209,dev209,dev209,1,0,2018-01-03 11:09:00,,,13,13101,東京都,千代田区,apinf209,26,26106,null,京都府,京都市下京区,真苧屋町,真苧屋町,34.989,135.76,3500000,3501019,venue303
2018-01-03 11:45:00,2018-01-03,42300,0,apmac210,dev210,dev210,5,0,2018-01-03 11:57:00,,,13,13101,東京都,千代田区,apinf210,26,26107,null,京都府,京都市南区,東九条西山王町,null,34.984,135.76,3400000,3406000,venue302
2018-01-03 11:00:00,2018-01-03,39600,0,apmac211,dev211,dev211,2,0,2018-01-03 11:03:00,0,75,14,14117,神奈川県,横浜市青葉区,apinf211,26,26107,null,京都府,京都市南区,東九条室町,null,34.984,135.757,1900000,1913000,venue301
2018-01-03 11:00:00,2018-01-03,39600,0,apmac212,dev212,dev212,1,0,2018-01-03 11:01:00,,,14,14153,神奈川県,相模原市南区,apinf212,26,26106,null,京都府,京都市下京区,東塩小路町,null,34.986,135.761,2100000,2103000,venue300
2018-01-03 11:30:00,2018-01-03,41400,0,apmac213,dev213,dev213,2,1,2018-01-03 11:31:00,0,30,13,13119,東京都,板橋区,apinf213,26,26106,null,京都府,京都市下京区,東塩小路町,null,34.986,135.761,2100000,2103000,venue299
2018-01-03 11:30:00,2018-01-03,41400,0,apmac214,dev214,dev214,6,3,2018-01-03 11:43:00,,,13,13111,東京都,大田区,apinf214,26,26106,null,京都府,京都市下京区,真苧屋町,真苧屋町,34.989,135.76,3500000,3501019,venue298
2018-01-03 11:30:00,2018-01-03,41400,0,apmac215,dev215,dev215,2,1,2018-01-03 11:33:00,0,35,10,10204,群馬県,伊勢崎市,apinf215,26,26106,null,京都府,京都市下京区,東塩小路町,東塩小路町,34.986,135.759,3500000,3508000,venue297
2018-01-03 11:30:00,2018-01-03,41400,0,apmac216,dev216,dev216,1,0,2018-01-03 11:41:00,,,13,13109,東京都,品川区,apinf216,26,26106,null,京都府,京都市下京区,東塩小路町,null,34.986,135.761,2100000,2103000,venue296
2018-01-03 11:15:00,2018-01-03,40500,0,apmac217,dev217,dev217,1,0,2018-01-03 11:19:00,,,13,13101,東京都,千代田区,apinf217,26,26106,null,京都府,京都市下京区,東塩小路　釜殿町,null,34.985,135.759,3100000,3140000,venue295
2018-01-03 11:15:00,2018-01-03,40500,0,apmac218,dev218,dev218,4,0,2018-01-03 11:25:00,,,13,13103,東京都,港区,apinf218,26,26106,null,京都府,京都市下京区,東塩小路町,null,34.987,135.76,3500000,3526000,venue294
2018-01-03 11:00:00,2018-01-03,39600,0,apmac219,dev219,dev219,68,0,2018-01-03 11:14:00,0,30,14,14,神奈川県,null,apinf219,26,26107,null,京都府,京都市南区,東九条室町,null,34.984,135.757,1900000,1913000,venue293
2018-01-03 11:00:00,2018-01-03,39600,0,apmac220,dev220,dev220,1,0,2018-01-03 11:01:00,,,14,14153,神奈川県,相模原市南区,apinf220,26,26106,null,京都府,京都市下京区,東塩小路町,null,34.987,135.76,3500000,3526000,venue292
2018-01-03 11:45:00,2018-01-03,42300,0,apmac221,dev221,dev221,12,6,2018-01-03 11:59:00,,,13,13101,東京都,千代田区,apinf221,26,26106,null,京都府,京都市下京区,東塩小路町,東塩小路町,34.986,135.759,3500000,3508000,venue291
2018-01-03 11:45:00,2018-01-03,42300,0,apmac222,dev222,dev222,3,2,2018-01-03 11:56:00,0,30,13,13105,東京都,文京区,apinf222,26,26106,null,京都府,京都市下京区,東塩小路町,null,34.986,135.761,2100000,2103000,venue290
2018-01-03 11:15:00,2018-01-03,40500,0,apmac223,dev223,dev223,2,0,2018-01-03 11:15:00,0,50,23,23211,愛知県,豊田市,apinf223,26,26107,null,京都府,京都市南区,東九条室町,null,34.984,135.757,1900000,1913000,venue289
2018-01-03 11:15:00,2018-01-03,40500,0,apmac224,dev224,dev224,1,0,2018-01-03 11:25:00,0,35,14,14112,神奈川県,横浜市旭区,apinf224,26,26107,null,京都府,京都市南区,東九条西山王町,null,34.984,135.76,3400000,3401008,venue288
2018-01-03 11:00:00,2018-01-03,39600,0,apmac225,dev225,dev225,8,4,2018-01-03 11:12:00,,,12,12203,千葉県,市川市,apinf225,26,26107,null,京都府,京都市南区,西九条鳥居口町,null,34.983,135.756,3300000,3339000,venue287
2018-01-03 11:00:00,2018-01-03,39600,0,apmac226,dev226,dev226,6,3,2018-01-03 11:03:00,1,55,23,23212,愛知県,安城市,apinf226,26,26106,null,京都府,京都市下京区,夷之町,夷之町,34.989,135.757,2100000,2104000,venue286
2018-01-03 11:45:00,2018-01-03,42300,0,apmac227,dev227,dev227,6,3,2018-01-03 11:48:00,1,40,23,23225,愛知県,知立市,apinf227,26,26106,null,京都府,京都市下京区,東塩小路町,東塩小路町,34.986,135.759,3500000,3508000,venue285
2018-01-03 11:45:00,2018-01-03,42300,0,apmac228,dev228,dev228,2,1,2018-01-03 11:57:00,,,13,13113,東京都,渋谷区,apinf228,26,26106,null,京都府,京都市下京区,東塩小路町,東塩小路町,34.987,135.761,3100000,3123000,venue284
2018-01-03 11:30:00,2018-01-03,41400,0,apmac229,dev229,dev229,1,0,2018-01-03 11:36:00,1,35,13,13110,東京都,目黒区,apinf229,26,26107,null,京都府,京都市南区,東九条西山王町,null,34.984,135.76,3100000/3400000,3122000/3402000,venue283
2018-01-03 11:30:00,2018-01-03,41400,0,apmac230,dev230,dev230,1,0,2018-01-03 11:33:00,0,40,13,13116,東京都,豊島区,apinf230,26,26106,null,京都府,京都市下京区,真苧屋町,真苧屋町,34.989,135.76,3500000,3501019,venue282
2018-01-03 11:15:00,2018-01-03,40500,0,apmac231,dev231,dev231,1,1,2018-01-03 11:20:00,0,15,13,13210,東京都,小金井市,apinf231,26,26106,null,京都府,京都市下京区,東塩小路町,null,34.986,135.761,2100000,2103000,venue281
2018-01-03 11:00:00,2018-01-03,39600,0,apmac232,dev232,dev232,1,0,2018-01-03 11:07:00,,,14,14153,神奈川県,相模原市南区,apinf232,26,26106,null,京都府,京都市下京区,東塩小路町,null,34.987,135.762,2100000,2102000,venue280
2018-01-03 11:00:00,2018-01-03,39600,0,apmac233,dev233,dev233,2,0,2018-01-03 11:13:00,0,40,14,14109,神奈川県,横浜市港北区,apinf233,26,26106,null,京都府,京都市下京区,真苧屋町,真苧屋町,34.989,135.76,3500000,3501019,venue279
2018-01-03 11:00:00,2018-01-03,39600,0,apmac234,dev234,dev234,1,0,2018-01-03 11:06:00,,,14,14153,神奈川県,相模原市南区,apinf234,26,26106,null,京都府,京都市下京区,真苧屋町,真苧屋町,34.989,135.76,3100000,3122000,venue278
2018-01-03 11:45:00,2018-01-03,42300,0,apmac235,dev235,dev235,1,0,2018-01-03 11:58:00,,,14,14153,神奈川県,相模原市南区,apinf235,26,26106,null,京都府,京都市下京区,東塩小路町,null,34.986,135.761,2100000,2103000,venue277
2018-01-03 11:15:00,2018-01-03,40500,0,apmac236,dev236,dev236,1,1,2018-01-03 11:28:00,0,45,12,12104,千葉県,千葉市若葉区,apinf236,26,26106,null,京都府,京都市下京区,東塩小路町,null,34.986,135.761,2100000,2103000,venue276
2018-01-03 11:15:00,2018-01-03,40500,0,apmac237,dev237,dev237,12,6,2018-01-03 11:22:00,1,30,11,11108,埼玉県,さいたま市南区,apinf237,26,26106,null,京都府,京都市下京区,東塩小路町,東塩小路町,34.986,135.759,3500000,3508000,venue275
2018-01-03 11:15:00,2018-01-03,40500,0,apmac238,dev238,dev238,1,0,2018-01-03 11:24:00,,,14,14153,神奈川県,相模原市南区,apinf238,26,26106,null,京都府,京都市下京区,東塩小路町,null,34.986,135.761,2100000,2103000,venue274
2018-01-03 11:30:00,2018-01-03,41400,0,apmac239,dev239,dev239,36,18,2018-01-03 11:36:00,,,13,13101,東京都,千代田区,apinf239,26,26106,null,京都府,京都市下京区,夷之町,夷之町,34.989,135.757,2100000,2104000,venue273
2018-01-03 11:30:00,2018-01-03,41400,0,apmac240,dev240,dev240,2,0,2018-01-03 11:30:00,,,13,13101,東京都,千代田区,apinf240,26,26107,null,京都府,京都市南区,西九条鳥居口町,null,34.983,135.756,3300000,3339000,venue272
2018-01-03 11:00:00,2018-01-03,39600,0,apmac241,dev241,dev241,1,0,2018-01-03 11:03:00,,,14,14153,神奈川県,相模原市南区,apinf241,26,26107,null,京都府,京都市南区,東九条室町,null,34.984,135.757,1900000,1913000,venue271
2018-01-03 11:00:00,2018-01-03,39600,0,apmac242,dev242,dev242,1,0,2018-01-03 11:04:00,,,13,13101,東京都,千代田区,apinf242,26,26106,null,京都府,京都市下京区,東塩小路町,null,34.987,135.76,3500000,3526000,venue270
2018-01-03 11:00:00,2018-01-03,39600,0,apmac243,dev243,dev243,2,1,2018-01-03 11:05:00,1,20,13,13103,東京都,港区,apinf243,26,26106,null,京都府,京都市下京区,東塩小路町,null,34.986,135.761,2100000,2103000,venue269
2018-01-03 11:00:00,2018-01-03,39600,0,apmac244,dev244,dev244,1,0,2018-01-03 11:08:00,,,13,13101,東京都,千代田区,apinf244,26,26106,null,京都府,京都市下京区,東塩小路町,null,34.988,135.76,3700000,3728000,venue268
2018-01-03 11:30:00,2018-01-03,41400,0,apmac245,dev245,dev245,2,0,2018-01-03 11:37:00,1,45,13,13227,東京都,羽村市,apinf245,26,26106,null,京都府,京都市下京区,東塩小路町,null,34.986,135.761,2100000,2103000,venue267
2018-01-03 11:30:00,2018-01-03,41400,0,apmac246,dev246,dev246,2,1,2018-01-03 11:34:00,1,25,23,23101,愛知県,名古屋市千種区,apinf246,26,26106,null,京都府,京都市下京区,東塩小路町,東塩小路町,34.986,135.759,3500000,3508000,venue266
2018-01-03 11:45:00,2018-01-03,42300,0,apmac247,dev247,dev247,2,0,2018-01-03 11:51:00,,,13,13103,東京都,港区,apinf247,26,26106,null,京都府,京都市下京区,真苧屋町,真苧屋町,34.989,135.76,3500000,3501019,venue265
2018-01-03 11:45:00,2018-01-03,42300,0,apmac248,dev248,dev248,1,0,2018-01-03 11:46:00,0,55,13,13113,東京都,渋谷区,apinf248,26,26106,null,京都府,京都市下京区,東塩小路町,null,34.987,135.76,3700000,3739000,venue264
2018-01-03 11:30:00,2018-01-03,41400,0,apmac249,dev249,dev249,2,1,2018-01-03 11:39:00,0,40,11,11109,埼玉県,さいたま市緑区,apinf249,26,26106,null,京都府,京都市下京区,東塩小路　釜殿町,null,34.985,135.759,3100000,3140000,venue263
2018-01-03 11:15:00,2018-01-03,40500,0,apmac250,dev250,dev250,2,1,2018-01-03 11:22:00,1,20,23,23204,愛知県,瀬戸市,apinf250,26,26106,null,京都府,京都市下京区,東塩小路町,null,34.987,135.761,3100000,3123000,venue262
2018-01-03 11:30:00,2018-01-03,41400,0,apmac251,dev251,dev251,3,1,2018-01-03 11:40:00,0,30,13,13110,東京都,目黒区,apinf251,26,26106,null,京都府,京都市下京区,東塩小路町,null,34.986,135.761,2100000,2103000,venue261
2018-01-03 11:00:00,2018-01-03,39600,0,apmac252,dev252,dev252,1,0,2018-01-03 11:06:00,,,14,14153,神奈川県,相模原市南区,apinf252,26,26106,null,京都府,京都市下京区,真苧屋町,真苧屋町,34.989,135.76,3500000,3501019,venue260
2018-01-03 11:00:00,2018-01-03,39600,0,apmac253,dev253,dev253,2,1,2018-01-03 11:06:00,0,40,11,11109,埼玉県,さいたま市緑区,apinf253,26,26106,null,京都府,京都市下京区,東塩小路　釜殿町,null,34.985,135.759,3100000,3140000,venue259
2018-01-03 11:30:00,2018-01-03,41400,0,apmac254,dev254,dev254,3,0,2018-01-03 11:33:00,,,13,13103,東京都,港区,apinf254,26,26106,null,京都府,京都市下京区,粉川町,粉川町,34.99,135.76,3100000,3123000,venue258
2018-01-03 11:30:00,2018-01-03,41400,0,apmac255,dev255,dev255,1,0,2018-01-03 11:41:00,,,13,13109,東京都,品川区,apinf255,26,26106,null,京都府,京都市下京区,東塩小路町,null,34.986,135.761,2100000,2103000,venue257
2018-01-03 11:30:00,2018-01-03,41400,0,apmac256,dev256,dev256,1,0,2018-01-03 11:33:00,,,13,13101,東京都,千代田区,apinf256,26,26106,null,京都府,京都市下京区,東塩小路町,null,34.987,135.761,3100000,3123000,venue256
2018-01-03 11:15:00,2018-01-03,40500,0,apmac257,dev257,dev257,19,0,2018-01-03 11:28:00,1,35,23,23202,愛知県,岡崎市,apinf257,26,26107,null,京都府,京都市南区,東九条西山王町,null,34.984,135.76,3400000,3401008,venue255
2018-01-03 11:00:00,2018-01-03,39600,0,apmac258,dev258,dev258,2,1,2018-01-03 11:10:00,,,13,13108,東京都,江東区,apinf258,26,26107,null,京都府,京都市南区,東九条西山王町,null,34.983,135.76,3100000,3148000,venue254
2018-01-03 11:30:00,2018-01-03,41400,0,apmac259,dev259,dev259,12,6,2018-01-03 11:42:00,,,13,13108,東京都,江東区,apinf259,26,26107,null,京都府,京都市南区,東九条室町,null,34.984,135.757,1900000,1913000,venue253
2018-01-03 11:00:00,2018-01-03,39600,0,apmac260,dev260,dev260,3,0,2018-01-03 11:00:00,0,75,14,14117,神奈川県,横浜市青葉区,apinf260,26,26106,null,京都府,京都市下京区,東塩小路　高倉町,null,34.984,135.759,3100000,3122000/3173000,venue252
2018-01-03 11:45:00,2018-01-03,42300,0,apmac261,dev261,dev261,1,0,2018-01-03 11:49:00,,,13,13103,東京都,港区,apinf261,26,26106,null,京都府,京都市下京区,東塩小路町,null,34.986,135.761,2100000,2103000,venue251
2018-01-03 11:45:00,2018-01-03,42300,0,apmac262,dev262,dev262,1,0,2018-01-03 11:45:00,,,13,13101,東京都,千代田区,apinf262,26,26107,null,京都府,京都市南区,東九条西山王町,null,34.984,135.76,3400000,3401008,venue250
2018-01-03 11:45:00,2018-01-03,42300,0,apmac263,dev263,dev263,2,0,2018-01-03 11:55:00,,,14,14153,神奈川県,相模原市南区,apinf263,26,26106,null,京都府,京都市下京区,東塩小路町,東塩小路町,34.986,135.759,3500000,3508000,venue249
2018-01-03 11:15:00,2018-01-03,40500,0,apmac264,dev264,dev264,2,1,2018-01-03 11:25:00,,,13,13101,東京都,千代田区,apinf264,26,26106,null,京都府,京都市下京区,真苧屋町,真苧屋町,34.989,135.76,3500000,3501019,venue248
2018-01-03 11:15:00,2018-01-03,40500,0,apmac265,dev265,dev265,1,0,2018-01-03 11:20:00,,,13,13101,東京都,千代田区,apinf265,26,26107,null,京都府,京都市南区,東九条室町,null,34.984,135.757,1900000,1913000,venue247
2018-01-03 11:30:00,2018-01-03,41400,0,apmac266,dev266,dev266,3,0,2018-01-03 11:43:00,1,35,13,13110,東京都,目黒区,apinf266,26,26107,null,京都府,京都市南区,東九条西山王町,null,34.984,135.76,3400000,3406000,venue246
2018-01-03 11:45:00,2018-01-03,42300,0,apmac267,dev267,dev267,2,0,2018-01-03 11:59:00,0,20,23,23302,愛知県,愛知郡東郷町,apinf267,26,26106,null,京都府,京都市下京区,東塩小路町,null,34.986,135.761,2100000,2103000,venue245
2018-01-03 11:15:00,2018-01-03,40500,0,apmac268,dev268,dev268,2,0,2018-01-03 11:25:00,,,13,13103,東京都,港区,apinf268,26,26106,null,京都府,京都市下京区,東塩小路町,null,34.988,135.76,3700000,3728000,venue244
2018-01-03 11:00:00,2018-01-03,39600,0,apmac269,dev269,dev269,4,2,2018-01-03 11:05:00,1,20,14,14,神奈川県,null,apinf269,26,26106,null,京都府,京都市下京区,東塩小路町,null,34.986,135.761,2100000,2103000,venue243
2018-01-03 11:00:00,2018-01-03,39600,0,apmac270,dev270,dev270,1,0,2018-01-03 11:13:00,1,60,23,23206,愛知県,春日井市,apinf270,26,26106,null,京都府,京都市下京区,東境町,null,34.989,135.759,2000000,2020026,venue242
2018-01-03 11:00:00,2018-01-03,39600,0,apmac271,dev271,dev271,1,1,2018-01-03 11:11:00,0,40,13,13113,東京都,渋谷区,apinf271,26,26106,null,京都府,京都市下京区,東塩小路町,null,34.986,135.761,2100000,2103000,venue241
2018-01-03 11:45:00,2018-01-03,42300,0,apmac272,dev272,dev272,2,1,2018-01-03 11:57:00,1,40,23,23111,愛知県,名古屋市港区,apinf272,26,26106,null,京都府,京都市下京区,東塩小路町,null,34.986,135.761,2100000,2103000,venue240
2018-01-03 11:00:00,2018-01-03,39600,0,apmac273,dev273,dev273,1,0,2018-01-03 11:11:00,,,13,13103,東京都,港区,apinf273,26,26106,null,京都府,京都市下京区,東塩小路町,東塩小路町,34.986,135.759,3500000,3508000,venue239
2018-01-03 11:30:00,2018-01-03,41400,0,apmac274,dev274,dev274,6,3,2018-01-03 11:40:00,,,12,12203,千葉県,市川市,apinf274,26,26107,null,京都府,京都市南区,西九条鳥居口町,null,34.983,135.756,3300000,3339000,venue238
2018-01-03 11:00:00,2018-01-03,39600,0,apmac275,dev275,dev275,5,0,2018-01-03 11:11:00,0,40,14,14109,神奈川県,横浜市港北区,apinf275,26,26106,null,京都府,京都市下京区,東塩小路町,null,34.988,135.759,3100000,3123000,venue237
2018-01-03 11:00:00,2018-01-03,39600,0,apmac276,dev276,dev276,1,0,2018-01-03 11:04:00,,,14,14153,神奈川県,相模原市南区,apinf276,26,26106,null,京都府,京都市下京区,東塩小路町,null,34.986,135.761,2100000,2103000,venue236
2018-01-03 11:00:00,2018-01-03,39600,0,apmac277,dev277,dev277,1,0,2018-01-03 11:10:00,,,14,14153,神奈川県,相模原市南区,apinf277,26,26106,null,京都府,京都市下京区,東塩小路町,null,34.986,135.761,2100000,2103000,venue235
2018-01-03 11:15:00,2018-01-03,40500,0,apmac278,dev278,dev278,11,5,2018-01-03 11:19:00,1,20,23,23102,愛知県,名古屋市東区,apinf278,26,26106,null,京都府,京都市下京区,東塩小路町,東塩小路町,34.986,135.759,3500000,3508000,venue234
2018-01-03 11:15:00,2018-01-03,40500,0,apmac279,dev279,dev279,6,3,2018-01-03 11:27:00,1,25,13,13120,東京都,練馬区,apinf279,26,26106,null,京都府,京都市下京区,東塩小路町,null,34.986,135.761,2100000,2103000,venue233
2018-01-03 11:15:00,2018-01-03,40500,0,apmac280,dev280,dev280,6,3,2018-01-03 11:18:00,0,40,12,12101,千葉県,千葉市中央区,apinf280,26,26106,null,京都府,京都市下京区,東塩小路町,東塩小路町,34.986,135.759,3500000,3508000,venue232
2018-01-03 11:00:00,2018-01-03,39600,0,apmac281,dev281,dev281,2,0,2018-01-03 11:11:00,0,40,14,14109,神奈川県,横浜市港北区,apinf281,26,26106,null,京都府,京都市下京区,東塩小路町,null,34.987,135.76,3500000,3526000,venue231
2018-01-03 11:00:00,2018-01-03,39600,0,apmac282,dev282,dev282,1,0,2018-01-03 11:14:00,0,45,13,13111,東京都,大田区,apinf282,26,26106,null,京都府,京都市下京区,東塩小路町,null,34.988,135.759,3100000,3123000,venue230
2018-01-03 11:15:00,2018-01-03,40500,0,apmac283,dev283,dev283,6,3,2018-01-03 11:19:00,,,13,13103,東京都,港区,apinf283,26,26106,null,京都府,京都市下京区,東塩小路町,null,34.987,135.761,3100000,3123000,venue229
2018-01-03 11:00:00,2018-01-03,39600,0,apmac284,dev284,dev284,1,1,2018-01-03 11:14:00,,,13,13104,東京都,新宿区,apinf284,26,26106,null,京都府,京都市下京区,東塩小路　高倉町,null,34.984,135.759,3100000,3122000/3173000,venue228
2018-01-03 11:45:00,2018-01-03,42300,0,apmac285,dev285,dev285,1,0,2018-01-03 11:49:00,,,13,13104,東京都,新宿区,apinf285,26,26106,null,京都府,京都市下京区,東塩小路町,null,34.986,135.761,2100000,2103000,venue227
2018-01-03 11:45:00,2018-01-03,42300,0,apmac286,dev286,dev286,1,0,2018-01-03 11:55:00,0,60,14,14111,神奈川県,横浜市港南区,apinf286,26,26107,null,京都府,京都市南区,東九条室町,null,34.984,135.757,1900000,1913000,venue226
2018-01-03 11:00:00,2018-01-03,39600,0,apmac287,dev287,dev287,1,0,2018-01-03 11:00:00,,,13,13101,東京都,千代田区,apinf287,26,26106,null,京都府,京都市下京区,夷之町,夷之町,34.989,135.756,3100000,3123000,venue225
2018-01-03 11:00:00,2018-01-03,39600,0,apmac288,dev288,dev288,1,0,2018-01-03 11:05:00,,,13,13106,東京都,台東区,apinf288,26,26106,null,京都府,京都市下京区,東塩小路町,null,34.986,135.761,2100000,2103000,venue224
2018-01-03 11:00:00,2018-01-03,39600,0,apmac289,dev289,dev289,8,4,2018-01-03 11:04:00,1,30,13,13113,東京都,渋谷区,apinf289,26,26106,null,京都府,京都市下京区,大黒町,大黒町,34.989,135.755,3100000,3108000,venue223
2018-01-03 11:00:00,2018-01-03,39600,0,apmac290,dev290,dev290,11,5,2018-01-03 11:10:00,0,35,13,13203,東京都,武蔵野市,apinf290,26,26106,null,京都府,京都市下京区,東塩小路町,null,34.987,135.757,3500000,3501019,venue222
2018-01-03 11:30:00,2018-01-03,41400,0,apmac291,dev291,dev291,6,3,2018-01-03 11:43:00,1,55,13,13108,東京都,江東区,apinf291,26,26106,null,京都府,京都市下京区,真苧屋町,真苧屋町,34.989,135.76,3100000,3122000,venue221
2018-01-03 11:00:00,2018-01-03,39600,0,apmac292,dev292,dev292,1,0,2018-01-03 11:08:00,0,40,14,14109,神奈川県,横浜市港北区,apinf292,26,26106,null,京都府,京都市下京区,東塩小路町,東塩小路町,34.988,135.759,3100000,3169000,venue220
2018-01-03 11:00:00,2018-01-03,39600,0,apmac293,dev293,dev293,2,0,2018-01-03 11:10:00,,,14,14153,神奈川県,相模原市南区,apinf293,26,26106,null,京都府,京都市下京区,東塩小路町,null,34.986,135.761,2100000,2103000,venue219
2018-01-03 11:00:00,2018-01-03,39600,0,apmac294,dev294,dev294,2,1,2018-01-03 11:03:00,,,13,13104,東京都,新宿区,apinf294,26,26106,null,京都府,京都市下京区,東塩小路　高倉町,null,34.984,135.759,3100000,3122000/3173000,venue218
2018-01-03 11:45:00,2018-01-03,42300,0,apmac295,dev295,dev295,6,3,2018-01-03 11:58:00,0,15,12,12103,千葉県,千葉市稲毛区,apinf295,26,26106,null,京都府,京都市下京区,東塩小路町,東塩小路町,34.986,135.759,3500000,3508000,venue217
2018-01-03 11:45:00,2018-01-03,42300,0,apmac296,dev296,dev296,1,0,2018-01-03 11:51:00,,,13,13111,東京都,大田区,apinf296,26,26106,null,京都府,京都市下京区,東塩小路町,null,34.988,135.76,3700000,3728000,venue216
2018-01-03 11:45:00,2018-01-03,42300,0,apmac297,dev297,dev297,4,2,2018-01-03 11:56:00,,,13,13113,東京都,渋谷区,apinf297,26,26106,null,京都府,京都市下京区,東塩小路町,null,34.987,135.762,2100000,2102000,venue215
2018-01-03 11:45:00,2018-01-03,42300,0,apmac298,dev298,dev298,5,3,2018-01-03 11:59:00,0,30,13,13105,東京都,文京区,apinf298,26,26106,null,京都府,京都市下京区,東塩小路町,東塩小路町,34.986,135.759,3500000,3508000,venue214
2018-01-03 11:45:00,2018-01-03,42300,0,apmac299,dev299,dev299,3,2,2018-01-03 11:51:00,1,25,11,11201,埼玉県,川越市,apinf299,26,26106,null,京都府,京都市下京区,東塩小路町,null,34.986,135.761,2100000,2103000,venue213
2018-01-03 11:45:00,2018-01-03,42300,0,apmac300,dev300,dev300,4,2,2018-01-03 11:56:00,0,40,13,13115,東京都,杉並区,apinf300,26,26106,null,京都府,京都市下京区,東塩小路町,null,34.986,135.761,2100000,2103000,venue212
2018-01-03 11:15:00,2018-01-03,40500,0,apmac301,dev301,dev301,1,0,2018-01-03 11:25:00,,,13,13103,東京都,港区,apinf301,26,26106,null,京都府,京都市下京区,東塩小路町,null,34.988,135.759,3100000,3123000,venue211
2018-01-03 11:15:00,2018-01-03,40500,0,apmac302,dev302,dev302,2,1,2018-01-03 11:29:00,0,35,13,13103,東京都,港区,apinf302,26,26106,null,京都府,京都市下京区,東塩小路町,null,34.987,135.76,null,null,venue210
2018-01-03 11:00:00,2018-01-03,39600,0,apmac303,dev303,dev303,1,0,2018-01-03 11:02:00,0,40,14,14109,神奈川県,横浜市港北区,apinf303,26,26106,null,京都府,京都市下京区,東塩小路町,東塩小路町,34.986,135.759,3500000,3508000,venue209
2018-01-03 11:00:00,2018-01-03,39600,0,apmac304,dev304,dev304,2,0,2018-01-03 11:00:00,,,13,13101,東京都,千代田区,apinf304,26,26106,null,京都府,京都市下京区,東塩小路町,null,34.986,135.761,2100000,2103000,venue208
2018-01-03 11:00:00,2018-01-03,39600,0,apmac305,dev305,dev305,6,3,2018-01-03 11:01:00,1,20,12,12203,千葉県,市川市,apinf305,26,26106,null,京都府,京都市下京区,東塩小路町,東塩小路町,34.986,135.759,3500000,3508000,venue207
2018-01-03 11:00:00,2018-01-03,39600,0,apmac306,dev306,dev306,2,0,2018-01-03 11:11:00,,,13,13103,東京都,港区,apinf306,26,26106,null,京都府,京都市下京区,東塩小路町,null,34.986,135.761,2100000,2103000,venue206
2018-01-03 11:15:00,2018-01-03,40500,0,apmac307,dev307,dev307,13,7,2018-01-03 11:25:00,0,20,12,12,千葉県,null,apinf307,26,26106,null,京都府,京都市下京区,東塩小路町,東塩小路町,34.986,135.759,3500000,3508000,venue205
2018-01-03 11:15:00,2018-01-03,40500,0,apmac308,dev308,dev308,13,7,2018-01-03 11:25:00,0,55,12,12204,千葉県,船橋市,apinf308,26,26106,null,京都府,京都市下京区,東塩小路町,東塩小路町,34.986,135.759,3500000,3508000,venue204
2018-01-03 11:00:00,2018-01-03,39600,0,apmac309,dev309,dev309,2,1,2018-01-03 11:08:00,,,13,13109,東京都,品川区,apinf309,26,26106,null,京都府,京都市下京区,東塩小路町,東塩小路町,34.986,135.759,3500000,3508000,venue203
2018-01-03 11:45:00,2018-01-03,42300,0,apmac310,dev310,dev310,1,0,2018-01-03 11:51:00,,,13,13101,東京都,千代田区,apinf310,26,26107,null,京都府,京都市南区,東九条西山王町,null,34.984,135.76,3400000,3401008,venue202
2018-01-03 11:00:00,2018-01-03,39600,0,apmac311,dev311,dev311,1,0,2018-01-03 11:08:00,,,13,13101,東京都,千代田区,apinf311,26,26106,null,京都府,京都市下京区,東塩小路町,null,34.988,135.76,2100000,2102001/2103000,venue201
2018-01-03 11:00:00,2018-01-03,39600,0,apmac312,dev312,dev312,1,0,2018-01-03 11:06:00,,,14,14153,神奈川県,相模原市南区,apinf312,26,26106,null,京都府,京都市下京区,東塩小路町,null,34.987,135.757,2100000,2102000,venue200
2018-01-03 11:30:00,2018-01-03,41400,0,apmac313,dev313,dev313,1,0,2018-01-03 11:32:00,,,13,13104,東京都,新宿区,apinf313,26,26106,null,京都府,京都市下京区,東塩小路町,null,34.987,135.76,3200000,3227001,venue199
2018-01-03 11:15:00,2018-01-03,40500,0,apmac314,dev314,dev314,4,2,2018-01-03 11:24:00,0,15,12,12103,千葉県,千葉市稲毛区,apinf314,26,26106,null,京都府,京都市下京区,東塩小路町,null,34.987,135.76,null,null,venue198
2018-01-03 11:15:00,2018-01-03,40500,0,apmac315,dev315,dev315,4,2,2018-01-03 11:22:00,1,20,23,23204,愛知県,瀬戸市,apinf315,26,26106,null,京都府,京都市下京区,東塩小路町,null,34.987,135.76,3500000,3526000,venue197
2018-01-03 11:15:00,2018-01-03,40500,0,apmac316,dev316,dev316,2,1,2018-01-03 11:18:00,0,45,23,23111,愛知県,名古屋市港区,apinf316,26,26107,null,京都府,京都市南区,東九条西山王町,null,34.984,135.76,3400000,3401008,venue196
2018-01-03 11:00:00,2018-01-03,39600,0,apmac317,dev317,dev317,7,4,2018-01-03 11:07:00,,,13,13102,東京都,中央区,apinf317,26,26106,null,京都府,京都市下京区,東塩小路町,東塩小路町,34.986,135.759,3500000,3508000,venue195
2018-01-03 11:00:00,2018-01-03,39600,0,apmac318,dev318,dev318,1,0,2018-01-03 11:12:00,,,13,13103,東京都,港区,apinf318,26,26106,null,京都府,京都市下京区,東塩小路町,null,34.986,135.761,2100000,2103000,venue194
2018-01-03 11:00:00,2018-01-03,39600,0,apmac319,dev319,dev319,1,0,2018-01-03 11:12:00,,,13,13103,東京都,港区,apinf319,26,26106,null,京都府,京都市下京区,東塩小路町,null,34.987,135.76,3500000,3526000,venue193
2018-01-03 11:45:00,2018-01-03,42300,0,apmac320,dev320,dev320,2,1,2018-01-03 11:53:00,1,40,22,22213,静岡県,掛川市,apinf320,26,26106,null,京都府,京都市下京区,東塩小路町,null,34.987,135.76,null,null,venue192
2018-01-03 11:30:00,2018-01-03,41400,0,apmac321,dev321,dev321,1,0,2018-01-03 11:31:00,,,13,13101,東京都,千代田区,apinf321,26,26107,null,京都府,京都市南区,東九条西山王町,null,34.984,135.76,3400000,3406000,venue191
2018-01-03 11:30:00,2018-01-03,41400,0,apmac322,dev322,dev322,2,1,2018-01-03 11:43:00,0,35,10,10204,群馬県,伊勢崎市,apinf322,26,26106,null,京都府,京都市下京区,東塩小路町,null,34.986,135.761,2100000,2103000,venue190
2018-01-03 11:00:00,2018-01-03,39600,0,apmac323,dev323,dev323,4,2,2018-01-03 11:09:00,1,35,13,13114,東京都,中野区,apinf323,26,26106,null,京都府,京都市下京区,東塩小路町,東塩小路町,34.986,135.759,3500000,3508000,venue189
2018-01-03 11:00:00,2018-01-03,39600,0,apmac324,dev324,dev324,1,0,2018-01-03 11:11:00,,,13,13103,東京都,港区,apinf324,26,26106,null,京都府,京都市下京区,東塩小路町,null,34.986,135.761,2100000,2103000,venue188
2018-01-03 11:00:00,2018-01-03,39600,0,apmac325,dev325,dev325,1,0,2018-01-03 11:07:00,0,40,13,13116,東京都,豊島区,apinf325,26,26106,null,京都府,京都市下京区,東塩小路町,null,34.987,135.76,3500000,3526000,venue187
2018-01-03 11:00:00,2018-01-03,39600,0,apmac326,dev326,dev326,1,0,2018-01-03 11:05:00,0,30,13,13103,東京都,港区,apinf326,26,26106,null,京都府,京都市下京区,東塩小路町,null,34.986,135.761,2100000,2103000,venue186
2018-01-03 11:45:00,2018-01-03,42300,0,apmac327,dev327,dev327,2,0,2018-01-03 11:47:00,0,55,13,13113,東京都,渋谷区,apinf327,26,26106,null,京都府,京都市下京区,東塩小路町,null,34.986,135.761,2100000,2103000,venue185
2018-01-03 11:00:00,2018-01-03,39600,0,apmac328,dev328,dev328,3,1,2018-01-03 11:10:00,1,50,13,13,東京都,null,apinf328,26,26106,null,京都府,京都市下京区,東塩小路　高倉町,null,34.984,135.759,3100000,3122000/3173000,venue184
2018-01-03 11:00:00,2018-01-03,39600,0,apmac329,dev329,dev329,1,0,2018-01-03 11:12:00,1,30,13,13111,東京都,大田区,apinf329,26,26106,null,京都府,京都市下京区,東塩小路町,null,34.986,135.761,2100000,2103000,venue183
2018-01-03 11:00:00,2018-01-03,39600,0,apmac330,dev330,dev330,8,4,2018-01-03 11:14:00,,,13,13108,東京都,江東区,apinf330,26,26107,null,京都府,京都市南区,東九条室町,null,34.984,135.757,1900000,1913000,venue182
2018-01-03 11:00:00,2018-01-03,39600,0,apmac331,dev331,dev331,1,0,2018-01-03 11:06:00,,,14,14153,神奈川県,相模原市南区,apinf331,26,26106,null,京都府,京都市下京区,東境町,null,34.989,135.759,2000000,2020026,venue181
2018-01-03 11:30:00,2018-01-03,41400,0,apmac332,dev332,dev332,2,0,2018-01-03 11:41:00,,,13,13101,東京都,千代田区,apinf332,26,26107,null,京都府,京都市南区,東九条西山王町,null,34.984,135.76,3400000,3406000,venue180
2018-01-03 11:15:00,2018-01-03,40500,0,apmac333,dev333,dev333,1,0,2018-01-03 11:20:00,0,45,23,23112,愛知県,名古屋市南区,apinf333,26,26107,null,京都府,京都市南区,東九条西山王町,null,34.983,135.76,3100000,3148000,venue179
2018-01-03 11:00:00,2018-01-03,39600,0,apmac334,dev334,dev334,2,0,2018-01-03 11:04:00,,,13,13101,東京都,千代田区,apinf334,26,26106,null,京都府,京都市下京区,東塩小路町,null,34.986,135.761,2100000,2103000,venue178
2018-01-03 11:00:00,2018-01-03,39600,0,apmac335,dev335,dev335,2,0,2018-01-03 11:04:00,,,13,13101,東京都,千代田区,apinf335,26,26106,null,京都府,京都市下京区,東塩小路町,東塩小路町,34.986,135.759,3500000,3508000,venue177
2018-01-03 11:00:00,2018-01-03,39600,0,apmac336,dev336,dev336,2,0,2018-01-03 11:04:00,,,13,13102,東京都,中央区,apinf336,26,26106,null,京都府,京都市下京区,東塩小路町,東塩小路町,34.986,135.759,3500000,3508000,venue176
2018-01-03 11:00:00,2018-01-03,39600,0,apmac337,dev337,dev337,1,0,2018-01-03 11:09:00,0,45,13,13111,東京都,大田区,apinf337,26,26106,null,京都府,京都市下京区,真苧屋町,真苧屋町,34.989,135.76,3100000,3122000,venue175
2018-01-03 11:30:00,2018-01-03,41400,0,apmac338,dev338,dev338,1,0,2018-01-03 11:44:00,,,13,13101,東京都,千代田区,apinf338,26,26106,null,京都府,京都市下京区,真苧屋町,真苧屋町,34.989,135.76,3500000,3501019,venue174
2018-01-03 11:30:00,2018-01-03,41400,0,apmac339,dev339,dev339,2,0,2018-01-03 11:40:00,1,50,13,13,東京都,null,apinf339,26,26106,null,京都府,京都市下京区,粉川町,粉川町,34.99,135.76,3100000,3123000,venue173
2018-01-03 11:00:00,2018-01-03,39600,0,apmac340,dev340,dev340,1,1,2018-01-03 11:03:00,0,30,13,13103,東京都,港区,apinf340,26,26106,null,京都府,京都市下京区,東塩小路町,null,34.987,135.762,2100000,2102000,venue172
2018-01-03 11:00:00,2018-01-03,39600,0,apmac341,dev341,dev341,2,0,2018-01-03 11:00:00,,,13,13101,東京都,千代田区,apinf341,26,26106,null,京都府,京都市下京区,夷之町,夷之町,34.989,135.757,2100000,2104000,venue171
2018-01-03 11:45:00,2018-01-03,42300,0,apmac342,dev342,dev342,4,2,2018-01-03 11:59:00,0,40,14,14,神奈川県,null,apinf342,26,26107,null,京都府,京都市南区,東九条室町,null,34.984,135.757,1900000,1913000,venue170
2018-01-03 11:45:00,2018-01-03,42300,0,apmac343,dev343,dev343,6,3,2018-01-03 11:49:00,0,65,14,14117,神奈川県,横浜市青葉区,apinf343,26,26106,null,京都府,京都市下京区,東塩小路町,東塩小路町,34.986,135.759,3500000,3508000,venue169
2018-01-03 11:00:00,2018-01-03,39600,0,apmac344,dev344,dev344,1,0,2018-01-03 11:01:00,,,13,13101,東京都,千代田区,apinf344,26,26107,null,京都府,京都市南区,東九条上殿田町,null,34.983,135.759,3200000,3213000,venue168
2018-01-03 11:00:00,2018-01-03,39600,0,apmac345,dev345,dev345,1,0,2018-01-03 11:03:00,,,14,14153,神奈川県,相模原市南区,apinf345,26,26106,null,京都府,京都市下京区,東塩小路町,null,34.986,135.761,2100000,2103000,venue167
2018-01-03 11:00:00,2018-01-03,39600,0,apmac346,dev346,dev346,4,0,2018-01-03 11:13:00,,,13,13101,東京都,千代田区,apinf346,26,26107,null,京都府,京都市南区,東九条西山王町,null,34.984,135.76,3400000,3406000,venue166
2018-01-03 11:30:00,2018-01-03,41400,0,apmac347,dev347,dev347,10,5,2018-01-03 11:36:00,0,30,13,13102,東京都,中央区,apinf347,26,26106,null,京都府,京都市下京区,真苧屋町,真苧屋町,34.989,135.76,3500000,3501019,venue165
2018-01-03 11:15:00,2018-01-03,40500,0,apmac348,dev348,dev348,2,1,2018-01-03 11:27:00,,,13,13101,東京都,千代田区,apinf348,26,26106,null,京都府,京都市下京区,東塩小路町,null,34.988,135.759,3100000,3123000/3173000,venue164
2018-01-03 11:45:00,2018-01-03,42300,0,apmac349,dev349,dev349,3,0,2018-01-03 11:55:00,,,13,13101,東京都,千代田区,apinf349,26,26107,null,京都府,京都市南区,東九条西山王町,null,34.984,135.76,3400000,3406000,venue163
2018-01-03 11:45:00,2018-01-03,42300,0,apmac350,dev350,dev350,2,1,2018-01-03 11:56:00,1,25,23,23101,愛知県,名古屋市千種区,apinf350,26,26106,null,京都府,京都市下京区,東塩小路町,null,34.987,135.761,3100000,3123000,venue162
2018-01-03 11:45:00,2018-01-03,42300,0,apmac351,dev351,dev351,1,0,2018-01-03 11:57:00,0,60,23,23201,愛知県,豊橋市,apinf351,26,26106,null,京都府,京都市下京区,夷之町,null,34.989,135.756,3100000,3132000/3173000,venue161
2018-01-03 11:30:00,2018-01-03,41400,0,apmac352,dev352,dev352,1,0,2018-01-03 11:33:00,1,50,13,13,東京都,null,apinf352,26,26106,null,京都府,京都市下京区,東塩小路町,null,34.986,135.761,2100000,2103000,venue160
2018-01-03 11:30:00,2018-01-03,41400,0,apmac353,dev353,dev353,1,0,2018-01-03 11:34:00,,,12,12203,千葉県,市川市,apinf353,26,26107,null,京都府,京都市南区,西九条鳥居口町,null,34.983,135.756,3300000,3339000,venue159
2018-01-03 11:30:00,2018-01-03,41400,0,apmac354,dev354,dev354,2,1,2018-01-03 11:43:00,1,25,13,13211,東京都,小平市,apinf354,26,26106,null,京都府,京都市下京区,東塩小路町,null,34.986,135.761,2100000,2103000,venue158
2018-01-03 11:30:00,2018-01-03,41400,0,apmac355,dev355,dev355,5,3,2018-01-03 11:30:00,0,30,13,13102,東京都,中央区,apinf355,26,26106,null,京都府,京都市下京区,東塩小路町,null,34.987,135.761,3100000,3123000,venue157
2018-01-03 11:45:00,2018-01-03,42300,0,apmac356,dev356,dev356,1,0,2018-01-03 11:53:00,,,13,13103,東京都,港区,apinf356,26,26106,null,京都府,京都市下京区,東塩小路町,null,34.988,135.76,3700000,3728000,venue156
2018-01-03 11:15:00,2018-01-03,40500,0,apmac357,dev357,dev357,1,0,2018-01-03 11:25:00,,,13,13103,東京都,港区,apinf357,26,26106,null,京都府,京都市下京区,東塩小路町,null,34.987,135.761,3100000,3123000,venue155
2018-01-03 11:15:00,2018-01-03,40500,0,apmac358,dev358,dev358,5,2,2018-01-03 11:19:00,0,45,23,23111,愛知県,名古屋市港区,apinf358,26,26107,null,京都府,京都市南区,東九条西山王町,null,34.984,135.76,3400000,3406000,venue154
2018-01-03 11:15:00,2018-01-03,40500,0,apmac359,dev359,dev359,4,2,2018-01-03 11:17:00,1,20,13,13111,東京都,大田区,apinf359,26,26106,null,京都府,京都市下京区,東塩小路町,東塩小路町,34.986,135.759,3500000,3508000,venue153
2018-01-03 11:45:00,2018-01-03,42300,0,apmac360,dev360,dev360,2,0,2018-01-03 11:58:00,0,60,23,23201,愛知県,豊橋市,apinf360,26,26106,null,京都府,京都市下京区,夷之町,夷之町,34.989,135.756,3100000,3166000,venue152
2018-01-03 11:45:00,2018-01-03,42300,0,apmac361,dev361,dev361,2,1,2018-01-03 11:55:00,1,15,11,11203,埼玉県,川口市,apinf361,26,26106,null,京都府,京都市下京区,東塩小路町,null,34.986,135.761,2100000,2103000,venue151
2018-01-03 11:00:00,2018-01-03,39600,0,apmac362,dev362,dev362,2,0,2018-01-03 11:00:00,,,13,13101,東京都,千代田区,apinf362,26,26106,null,京都府,京都市下京区,大黒町,大黒町,34.989,135.755,3100000,3108000,venue150
2018-01-03 11:00:00,2018-01-03,39600,0,apmac363,dev363,dev363,13,7,2018-01-03 11:11:00,0,35,13,13123,東京都,江戸川区,apinf363,26,26106,null,京都府,京都市下京区,東塩小路町,null,34.986,135.761,2100000,2103000,venue149
2018-01-03 11:00:00,2018-01-03,39600,0,apmac364,dev364,dev364,2,1,2018-01-03 11:05:00,1,20,14,14,神奈川県,null,apinf364,26,26106,null,京都府,京都市下京区,東塩小路町,null,34.986,135.761,2100000,2103000,venue148
2018-01-03 11:00:00,2018-01-03,39600,0,apmac365,dev365,dev365,1,0,2018-01-03 11:02:00,,,13,13103,東京都,港区,apinf365,26,26106,null,京都府,京都市下京区,東塩小路町,null,34.987,135.761,3100000,3123000,venue147
2018-01-03 11:00:00,2018-01-03,39600,0,apmac366,dev366,dev366,1,1,2018-01-03 11:13:00,0,45,23,23111,愛知県,名古屋市港区,apinf366,26,26107,null,京都府,京都市南区,東九条西山王町,null,34.984,135.76,3400000,3406000,venue146
2018-01-03 11:30:00,2018-01-03,41400,0,apmac367,dev367,dev367,6,3,2018-01-03 11:41:00,,,13,13108,東京都,江東区,apinf367,26,26107,null,京都府,京都市南区,東九条室町,null,34.984,135.757,1900000,1913000,venue145
2018-01-03 11:45:00,2018-01-03,42300,0,apmac368,dev368,dev368,1,0,2018-01-03 11:49:00,,,13,13101,東京都,千代田区,apinf368,26,26107,null,京都府,京都市南区,東九条室町,null,34.984,135.757,1900000,1913000,venue144
2018-01-03 11:15:00,2018-01-03,40500,0,apmac369,dev369,dev369,6,3,2018-01-03 11:23:00,0,30,23,23210,愛知県,刈谷市,apinf369,26,26106,null,京都府,京都市下京区,東塩小路町,null,34.987,135.76,3500000,3526000,venue143
2018-01-03 11:15:00,2018-01-03,40500,0,apmac370,dev370,dev370,1,0,2018-01-03 11:25:00,,,13,13103,東京都,港区,apinf370,26,26106,null,京都府,京都市下京区,東塩小路町,null,34.987,135.76,3500000,3526000,venue142
2018-01-03 11:15:00,2018-01-03,40500,0,apmac371,dev371,dev371,10,0,2018-01-03 11:27:00,,,13,13101,東京都,千代田区,apinf371,26,26107,null,京都府,京都市南区,東九条西山王町,null,34.984,135.76,3400000,3406000,venue141
2018-01-03 11:15:00,2018-01-03,40500,0,apmac372,dev372,dev372,1,0,2018-01-03 11:18:00,,,14,14153,神奈川県,相模原市南区,apinf372,26,26106,null,京都府,京都市下京区,東塩小路町,東塩小路町,34.986,135.759,3500000,3508000,venue140
2018-01-03 11:15:00,2018-01-03,40500,0,apmac373,dev373,dev373,8,0,2018-01-03 11:28:00,,,13,13101,東京都,千代田区,apinf373,26,26106,null,京都府,京都市下京区,東塩小路　釜殿町,null,34.985,135.759,3100000,3140000,venue139
2018-01-03 11:45:00,2018-01-03,42300,0,apmac374,dev374,dev374,1,0,2018-01-03 11:55:00,,,14,14153,神奈川県,相模原市南区,apinf374,26,26106,null,京都府,京都市下京区,夷之町,夷之町,34.989,135.757,2100000,2104000,venue138
2018-01-03 11:45:00,2018-01-03,42300,0,apmac375,dev375,dev375,4,0,2018-01-03 11:47:00,0,55,13,13113,東京都,渋谷区,apinf375,26,26106,null,京都府,京都市下京区,東塩小路町,null,34.986,135.761,2100000,2103000,venue137
2018-01-03 11:15:00,2018-01-03,40500,0,apmac376,dev376,dev376,2,0,2018-01-03 11:25:00,,,13,13103,東京都,港区,apinf376,26,26106,null,京都府,京都市下京区,東塩小路町,null,34.986,135.761,2100000,2103000,venue136
2018-01-03 11:15:00,2018-01-03,40500,0,apmac377,dev377,dev377,2,1,2018-01-03 11:17:00,,,13,13113,東京都,渋谷区,apinf377,26,26106,null,京都府,京都市下京区,真苧屋町,真苧屋町,34.989,135.76,3500000,3501019,venue135
2018-01-03 11:15:00,2018-01-03,40500,0,apmac378,dev378,dev378,1,0,2018-01-03 11:21:00,,,13,13103,東京都,港区,apinf378,26,26106,null,京都府,京都市下京区,東塩小路町,東塩小路町,34.986,135.759,3500000,3508000,venue134
2018-01-03 11:00:00,2018-01-03,39600,0,apmac379,dev379,dev379,14,7,2018-01-03 11:01:00,1,25,23,23222,愛知県,東海市,apinf379,26,26106,null,京都府,京都市下京区,東塩小路町,東塩小路町,34.986,135.759,3500000,3508000,venue133
2018-01-03 11:15:00,2018-01-03,40500,0,apmac380,dev380,dev380,1,0,2018-01-03 11:21:00,,,13,13101,東京都,千代田区,apinf380,26,26107,null,京都府,京都市南区,東九条西山王町,null,34.984,135.76,3400000,3401008,venue132
2018-01-03 11:45:00,2018-01-03,42300,0,apmac381,dev381,dev381,1,0,2018-01-03 11:48:00,,,13,13101,東京都,千代田区,apinf381,26,26106,null,京都府,京都市下京区,東塩小路町,null,34.986,135.761,2100000,2103000,venue131
2018-01-03 11:45:00,2018-01-03,42300,0,apmac382,dev382,dev382,2,1,2018-01-03 11:49:00,,,13,13109,東京都,品川区,apinf382,26,26106,null,京都府,京都市下京区,東塩小路町,東塩小路町,34.987,135.762,3200000,3206000/3207000,venue130
2018-01-03 11:45:00,2018-01-03,42300,0,apmac383,dev383,dev383,2,1,2018-01-03 11:56:00,1,30,13,13111,東京都,大田区,apinf383,26,26106,null,京都府,京都市下京区,東塩小路町,東塩小路町,34.986,135.759,3500000,3508000,venue129
2018-01-03 11:30:00,2018-01-03,41400,0,apmac384,dev384,dev384,6,3,2018-01-03 11:44:00,1,20,22,22131,静岡県,浜松市中区,apinf384,26,26106,null,京都府,京都市下京区,東塩小路町,東塩小路町,34.986,135.759,3500000,3508000,venue128
2018-01-03 11:45:00,2018-01-03,42300,0,apmac385,dev385,dev385,1,0,2018-01-03 11:47:00,,,13,13104,東京都,新宿区,apinf385,26,26107,null,京都府,京都市南区,東九条西山王町,null,34.983,135.76,3100000,3148000,venue127
2018-01-03 11:15:00,2018-01-03,40500,0,apmac386,dev386,dev386,2,0,2018-01-03 11:27:00,0,55,23,23114,愛知県,名古屋市緑区,apinf386,26,26107,null,京都府,京都市南区,東九条西山王町,null,34.984,135.76,3400000,3401008,venue126
2018-01-03 11:15:00,2018-01-03,40500,0,apmac387,dev387,dev387,6,3,2018-01-03 11:19:00,0,60,14,14101,神奈川県,横浜市鶴見区,apinf387,26,26106,null,京都府,京都市下京区,真苧屋町,真苧屋町,34.989,135.76,3100000,3122000,venue125
2018-01-03 11:45:00,2018-01-03,42300,0,apmac388,dev388,dev388,1,0,2018-01-03 11:54:00,0,30,13,13120,東京都,練馬区,apinf388,26,26107,null,京都府,京都市南区,東九条西山王町,null,34.983,135.761,3500000,3501019,venue124
2018-01-03 11:00:00,2018-01-03,39600,0,apmac389,dev389,dev389,2,0,2018-01-03 11:14:00,1,35,23,23202,愛知県,岡崎市,apinf389,26,26107,null,京都府,京都市南区,東九条西山王町,null,34.984,135.76,3400000,3401008,venue123
2018-01-03 11:00:00,2018-01-03,39600,0,apmac390,dev390,dev390,2,1,2018-01-03 11:04:00,1,65,12,12204,千葉県,船橋市,apinf390,26,26106,null,京都府,京都市下京区,東塩小路町,東塩小路町,34.986,135.759,3500000,3508000,venue122
2018-01-03 11:00:00,2018-01-03,39600,0,apmac391,dev391,dev391,2,0,2018-01-03 11:14:00,,,13,13101,東京都,千代田区,apinf391,26,26106,null,京都府,京都市下京区,東塩小路町,東塩小路町,34.986,135.759,3500000,3508000,venue121
2018-01-03 11:00:00,2018-01-03,39600,0,apmac392,dev392,dev392,3,0,2018-01-03 11:14:00,1,35,23,23202,愛知県,岡崎市,apinf392,26,26107,null,京都府,京都市南区,東九条西山王町,null,34.984,135.76,3400000,3401008,venue120
2018-01-03 11:00:00,2018-01-03,39600,0,apmac393,dev393,dev393,1,0,2018-01-03 11:02:00,,,13,13103,東京都,港区,apinf393,26,26107,null,京都府,京都市南区,東九条上殿田町,null,34.982,135.76,3500000,3526000,venue119
2018-01-03 11:45:00,2018-01-03,42300,0,apmac394,dev394,dev394,1,0,2018-01-03 11:56:00,1,35,23,23202,愛知県,岡崎市,apinf394,26,26107,null,京都府,京都市南区,東九条上殿田町,null,34.983,135.759,3200000,3213000,venue118
2018-01-03 11:45:00,2018-01-03,42300,0,apmac395,dev395,dev395,6,3,2018-01-03 11:59:00,,,13,13110,東京都,目黒区,apinf395,26,26106,null,京都府,京都市下京区,東塩小路町,null,34.987,135.757,3500000,3501019,venue117
2018-01-03 11:45:00,2018-01-03,42300,0,apmac396,dev396,dev396,1,1,2018-01-03 11:56:00,0,40,13,13115,東京都,杉並区,apinf396,26,26106,null,京都府,京都市下京区,東塩小路町,null,34.986,135.761,2100000,2103000,venue116
2018-01-03 11:00:00,2018-01-03,39600,0,apmac397,dev397,dev397,2,0,2018-01-03 11:12:00,,,13,13101,東京都,千代田区,apinf397,26,26106,null,京都府,京都市下京区,真苧屋町,真苧屋町,34.989,135.76,3500000,3501019,venue115
2018-01-03 11:45:00,2018-01-03,42300,0,apmac398,dev398,dev398,3,1,2018-01-03 11:53:00,0,45,12,12104,千葉県,千葉市若葉区,apinf398,26,26106,null,京都府,京都市下京区,東塩小路町,null,34.986,135.761,2100000,2103000,venue114
2018-01-03 11:45:00,2018-01-03,42300,0,apmac399,dev399,dev399,1,0,2018-01-03 11:53:00,,,13,13101,東京都,千代田区,apinf399,26,26106,null,京都府,京都市下京区,東塩小路町,null,34.988,135.76,3700000,3728000,venue113
2018-01-03 11:45:00,2018-01-03,42300,0,apmac400,dev400,dev400,4,0,2018-01-03 11:52:00,1,35,23,23202,愛知県,岡崎市,apinf400,26,26107,null,京都府,京都市南区,東九条西山王町,null,34.984,135.76,3400000,3401008,venue112
2018-01-03 11:45:00,2018-01-03,42300,0,apmac401,dev401,dev401,6,3,2018-01-03 11:55:00,,,12,12203,千葉県,市川市,apinf401,26,26107,null,京都府,京都市南区,西九条鳥居口町,null,34.983,135.756,3300000,3339000,venue111
2018-01-03 11:45:00,2018-01-03,42300,0,apmac402,dev402,dev402,6,3,2018-01-03 11:58:00,1,50,12,12105,千葉県,千葉市緑区,apinf402,26,26106,null,京都府,京都市下京区,東塩小路町,null,34.988,135.76,3700000,3728000,venue110
2018-01-03 11:15:00,2018-01-03,40500,0,apmac403,dev403,dev403,3,0,2018-01-03 11:27:00,,,13,13101,東京都,千代田区,apinf403,26,26107,null,京都府,京都市南区,東九条西山王町,null,34.984,135.76,3400000,3406000,venue109
2018-01-03 11:00:00,2018-01-03,39600,0,apmac404,dev404,dev404,1,1,2018-01-03 11:09:00,1,15,12,12103,千葉県,千葉市稲毛区,apinf404,26,26106,null,京都府,京都市下京区,大黒町,大黒町,34.989,135.755,3100000,3108000,venue108
2018-01-03 11:30:00,2018-01-03,41400,0,apmac405,dev405,dev405,2,1,2018-01-03 11:38:00,1,50,14,14135,神奈川県,川崎市多摩区,apinf405,26,26106,null,京都府,京都市下京区,東塩小路町,null,34.988,135.759,3100000,3153000,venue107
2018-01-03 11:30:00,2018-01-03,41400,0,apmac406,dev406,dev406,1,0,2018-01-03 11:32:00,,,13,13101,東京都,千代田区,apinf406,26,26106,null,京都府,京都市下京区,東塩小路　高倉町,null,34.984,135.759,3100000,3122000/3173000,venue106
2018-01-03 11:00:00,2018-01-03,39600,0,apmac407,dev407,dev407,1,0,2018-01-03 11:03:00,,,14,14153,神奈川県,相模原市南区,apinf407,26,26106,null,京都府,京都市下京区,東塩小路町,東塩小路町,34.986,135.759,3500000,3508000,venue105
2018-01-03 11:15:00,2018-01-03,40500,0,apmac408,dev408,dev408,1,0,2018-01-03 11:15:00,,,13,13104,東京都,新宿区,apinf408,26,26106,null,京都府,京都市下京区,東塩小路　高倉町,null,34.984,135.759,3100000,3122000/3173000,venue104
2018-01-03 11:15:00,2018-01-03,40500,0,apmac409,dev409,dev409,1,0,2018-01-03 11:24:00,0,40,13,13116,東京都,豊島区,apinf409,26,26106,null,京都府,京都市下京区,東境町,null,34.989,135.759,2000000,2020026,venue103
2018-01-03 11:15:00,2018-01-03,40500,0,apmac410,dev410,dev410,1,0,2018-01-03 11:15:00,,,14,14153,神奈川県,相模原市南区,apinf410,26,26106,null,京都府,京都市下京区,東塩小路町,null,34.986,135.761,2100000,2103000,venue102
2018-01-03 11:00:00,2018-01-03,39600,0,apmac411,dev411,dev411,10,5,2018-01-03 11:11:00,,,13,13108,東京都,江東区,apinf411,26,26107,null,京都府,京都市南区,東九条室町,null,34.984,135.757,1900000,1913000,venue101
2018-01-03 11:45:00,2018-01-03,42300,0,apmac412,dev412,dev412,8,0,2018-01-03 11:51:00,1,35,23,23202,愛知県,岡崎市,apinf412,26,26107,null,京都府,京都市南区,東九条西山王町,null,34.984,135.76,3400000,3401008,venue100
2018-01-03 11:30:00,2018-01-03,41400,0,apmac413,dev413,dev413,1,0,2018-01-03 11:37:00,1,45,13,13227,東京都,羽村市,apinf413,26,26106,null,京都府,京都市下京区,東塩小路町,null,34.986,135.761,2100000,2103000,venue99
2018-01-03 11:30:00,2018-01-03,41400,0,apmac414,dev414,dev414,1,0,2018-01-03 11:35:00,0,20,12,12,千葉県,null,apinf414,26,26106,null,京都府,京都市下京区,東塩小路町,null,34.986,135.761,2100000,2103000,venue98
2018-01-03 11:30:00,2018-01-03,41400,0,apmac415,dev415,dev415,1,0,2018-01-03 11:35:00,0,55,12,12204,千葉県,船橋市,apinf415,26,26106,null,京都府,京都市下京区,東塩小路町,null,34.986,135.761,2100000,2103000,venue97
2018-01-03 11:30:00,2018-01-03,41400,0,apmac416,dev416,dev416,1,0,2018-01-03 11:35:00,,,13,13103,東京都,港区,apinf416,26,26106,null,京都府,京都市下京区,真苧屋町,真苧屋町,34.989,135.76,3500000,3501019,venue96
2018-01-03 11:30:00,2018-01-03,41400,0,apmac417,dev417,dev417,10,4,2018-01-03 11:39:00,0,30,13,13110,東京都,目黒区,apinf417,26,26106,null,京都府,京都市下京区,東塩小路町,東塩小路町,34.986,135.759,3500000,3508000,venue95
2018-01-03 11:45:00,2018-01-03,42300,0,apmac418,dev418,dev418,1,0,2018-01-03 11:54:00,,,13,13103,東京都,港区,apinf418,26,26106,null,京都府,京都市下京区,東塩小路町,null,34.988,135.759,3100000,3123000/3173000,venue94
2018-01-03 11:45:00,2018-01-03,42300,0,apmac419,dev419,dev419,4,2,2018-01-03 11:56:00,,,13,13111,東京都,大田区,apinf419,26,26106,null,京都府,京都市下京区,東塩小路町,null,34.987,135.757,2100000,2102000,venue93
2018-01-03 11:00:00,2018-01-03,39600,0,apmac420,dev420,dev420,1,0,2018-01-03 11:10:00,0,65,14,14212,神奈川県,厚木市,apinf420,26,26106,null,京都府,京都市下京区,東塩小路町,null,34.986,135.761,2100000,2103000,venue92
2018-01-03 11:00:00,2018-01-03,39600,0,apmac421,dev421,dev421,1,0,2018-01-03 11:01:00,,,13,13103,東京都,港区,apinf421,26,26106,null,京都府,京都市下京区,東塩小路町,東塩小路町,34.986,135.759,3500000,3508000,venue91
2018-01-03 11:00:00,2018-01-03,39600,0,apmac422,dev422,dev422,1,1,2018-01-03 11:02:00,0,40,12,12101,千葉県,千葉市中央区,apinf422,26,26106,null,京都府,京都市下京区,東塩小路　釜殿町,null,34.985,135.759,3100000,3140000,venue90
2018-01-03 11:15:00,2018-01-03,40500,0,apmac423,dev423,dev423,2,0,2018-01-03 11:18:00,,,13,13103,東京都,港区,apinf423,26,26106,null,京都府,京都市下京区,真苧屋町,真苧屋町,34.989,135.76,3500000,3501019,venue89
2018-01-03 11:00:00,2018-01-03,39600,0,apmac424,dev424,dev424,2,1,2018-01-03 11:09:00,1,20,12,12203,千葉県,市川市,apinf424,26,26106,null,京都府,京都市下京区,東塩小路町,null,34.986,135.761,2100000,2103000,venue88
2018-01-03 11:45:00,2018-01-03,42300,0,apmac425,dev425,dev425,1,1,2018-01-03 11:54:00,1,30,22,22131,静岡県,浜松市中区,apinf425,26,26107,null,京都府,京都市南区,東九条室町,null,34.984,135.757,1900000,1913000,venue87
2018-01-03 11:15:00,2018-01-03,40500,0,apmac426,dev426,dev426,3,0,2018-01-03 11:20:00,,,13,13103,東京都,港区,apinf426,26,26106,null,京都府,京都市下京区,真苧屋町,真苧屋町,34.989,135.76,3500000,3501019,venue86
2018-01-03 11:45:00,2018-01-03,42300,0,apmac427,dev427,dev427,28,14,2018-01-03 11:57:00,1,25,13,13113,東京都,渋谷区,apinf427,26,26106,null,京都府,京都市下京区,東塩小路町,東塩小路町,34.986,135.759,3500000,3508000,venue85
2018-01-03 11:45:00,2018-01-03,42300,0,apmac428,dev428,dev428,1,0,2018-01-03 11:47:00,0,40,13,13116,東京都,豊島区,apinf428,26,26106,null,京都府,京都市下京区,東塩小路町,null,34.988,135.759,3100000,3123000,venue84
2018-01-03 11:15:00,2018-01-03,40500,0,apmac429,dev429,dev429,1,0,2018-01-03 11:24:00,,,14,14153,神奈川県,相模原市南区,apinf429,26,26106,null,京都府,京都市下京区,東塩小路町,null,34.986,135.761,2100000,2103000,venue83
2018-01-03 11:15:00,2018-01-03,40500,0,apmac430,dev430,dev430,2,0,2018-01-03 11:29:00,,,13,13101,東京都,千代田区,apinf430,26,26106,null,京都府,京都市下京区,真苧屋町,真苧屋町,34.989,135.76,3500000,3501019,venue82
2018-01-03 11:15:00,2018-01-03,40500,0,apmac431,dev431,dev431,2,0,2018-01-03 11:28:00,,,13,13103,東京都,港区,apinf431,26,26106,null,京都府,京都市下京区,真苧屋町,真苧屋町,34.989,135.76,3500000,3501019,venue81
2018-01-03 11:15:00,2018-01-03,40500,0,apmac432,dev432,dev432,2,1,2018-01-03 11:21:00,1,45,12,12227,千葉県,浦安市,apinf432,26,26106,null,京都府,京都市下京区,東塩小路町,東塩小路町,34.986,135.759,3500000,3508000,venue80
2018-01-03 11:00:00,2018-01-03,39600,0,apmac433,dev433,dev433,1,0,2018-01-03 11:08:00,,,13,13102,東京都,中央区,apinf433,26,26106,null,京都府,京都市下京区,東塩小路町,null,34.986,135.761,2100000,2103000,venue79
2018-01-03 11:30:00,2018-01-03,41400,0,apmac434,dev434,dev434,1,0,2018-01-03 11:44:00,1,35,13,13110,東京都,目黒区,apinf434,26,26107,null,京都府,京都市南区,東九条西山王町,null,34.984,135.76,3400000,3401008,venue78
2018-01-03 11:00:00,2018-01-03,39600,0,apmac435,dev435,dev435,10,5,2018-01-03 11:14:00,1,25,13,13120,東京都,練馬区,apinf435,26,26106,null,京都府,京都市下京区,東塩小路町,null,34.986,135.761,2100000,2103000,venue77
2018-01-03 11:45:00,2018-01-03,42300,0,apmac436,dev436,dev436,5,2,2018-01-03 11:52:00,0,30,14,14109,神奈川県,横浜市港北区,apinf436,26,26106,null,京都府,京都市下京区,東塩小路町,null,34.986,135.761,2100000,2103000,venue76
2018-01-03 11:45:00,2018-01-03,42300,0,apmac437,dev437,dev437,1,0,2018-01-03 11:58:00,0,60,23,23201,愛知県,豊橋市,apinf437,26,26106,null,京都府,京都市下京区,夷之町,夷之町,34.989,135.757,2100000,2104000,venue75
2018-01-03 11:45:00,2018-01-03,42300,0,apmac438,dev438,dev438,2,0,2018-01-03 11:52:00,1,50,23,23226,愛知県,尾張旭市,apinf438,26,26106,null,京都府,京都市下京区,東塩小路町,東塩小路町,34.986,135.759,3500000,3508000,venue74
2018-01-03 11:15:00,2018-01-03,40500,0,apmac439,dev439,dev439,1,1,2018-01-03 11:19:00,,,13,13103,東京都,港区,apinf439,26,26106,null,京都府,京都市下京区,東塩小路町,null,34.987,135.761,3100000,3123000,venue73
2018-01-03 11:15:00,2018-01-03,40500,0,apmac440,dev440,dev440,6,3,2018-01-03 11:28:00,,,13,13108,東京都,江東区,apinf440,26,26107,null,京都府,京都市南区,東九条室町,null,34.984,135.757,1900000,1913000,venue72
2018-01-03 11:45:00,2018-01-03,42300,0,apmac441,dev441,dev441,6,3,2018-01-03 11:57:00,,,13,13109,東京都,品川区,apinf441,26,26106,null,京都府,京都市下京区,真苧屋町,真苧屋町,34.989,135.761,3100000,3167000,venue71
2018-01-03 11:45:00,2018-01-03,42300,0,apmac442,dev442,dev442,3,0,2018-01-03 11:59:00,,,13,13103,東京都,港区,apinf442,26,26106,null,京都府,京都市下京区,東塩小路町,null,34.987,135.76,3500000,3526000,venue70
2018-01-03 11:45:00,2018-01-03,42300,0,apmac443,dev443,dev443,8,4,2018-01-03 11:52:00,1,25,13,13120,東京都,練馬区,apinf443,26,26106,null,京都府,京都市下京区,東塩小路町,null,34.986,135.761,2100000,2103000,venue69
2018-01-03 11:45:00,2018-01-03,42300,0,apmac444,dev444,dev444,6,3,2018-01-03 11:52:00,1,15,23,23114,愛知県,名古屋市緑区,apinf444,26,26106,null,京都府,京都市下京区,東塩小路町,東塩小路町,34.986,135.759,3500000,3508000,venue68
2018-01-03 11:00:00,2018-01-03,39600,0,apmac445,dev445,dev445,2,1,2018-01-03 11:09:00,,,13,13103,東京都,港区,apinf445,26,26106,null,京都府,京都市下京区,粉川町,粉川町,34.99,135.76,3100000,3123000,venue67
2018-01-03 11:30:00,2018-01-03,41400,0,apmac446,dev446,dev446,1,0,2018-01-03 11:40:00,,,14,14153,神奈川県,相模原市南区,apinf446,26,26106,null,京都府,京都市下京区,東塩小路町,null,34.986,135.761,2100000,2103000,venue66
2018-01-03 11:30:00,2018-01-03,41400,0,apmac447,dev447,dev447,2,0,2018-01-03 11:44:00,,,13,13116,東京都,豊島区,apinf447,26,26106,null,京都府,京都市下京区,東塩小路町,null,34.987,135.76,3200000,3227001,venue65
2018-01-03 11:15:00,2018-01-03,40500,0,apmac448,dev448,dev448,1,0,2018-01-03 11:26:00,0,55,23,23114,愛知県,名古屋市緑区,apinf448,26,26107,null,京都府,京都市南区,東九条西山王町,null,34.984,135.76,3400000,3401008,venue64
2018-01-03 11:15:00,2018-01-03,40500,0,apmac449,dev449,dev449,1,0,2018-01-03 11:20:00,,,13,13101,東京都,千代田区,apinf449,26,26106,null,京都府,京都市下京区,東塩小路　釜殿町,null,34.985,135.759,3100000,3130009,venue63
2018-01-03 11:15:00,2018-01-03,40500,0,apmac450,dev450,dev450,1,0,2018-01-03 11:22:00,,,13,13103,東京都,港区,apinf450,26,26106,null,京都府,京都市下京区,東塩小路町,null,34.986,135.761,2100000,2103000,venue62
2018-01-03 11:15:00,2018-01-03,40500,0,apmac451,dev451,dev451,1,0,2018-01-03 11:21:00,,,13,13103,東京都,港区,apinf451,26,26106,null,京都府,京都市下京区,真苧屋町,真苧屋町,34.989,135.76,3500000,3501019,venue61
2018-01-03 11:00:00,2018-01-03,39600,0,apmac452,dev452,dev452,7,4,2018-01-03 11:12:00,1,20,23,23102,愛知県,名古屋市東区,apinf452,26,26106,null,京都府,京都市下京区,東塩小路町,東塩小路町,34.986,135.759,3500000,3508000,venue60
2018-01-03 11:45:00,2018-01-03,42300,0,apmac453,dev453,dev453,1,0,2018-01-03 11:58:00,,,13,13103,東京都,港区,apinf453,26,26106,null,京都府,京都市下京区,東塩小路町,null,34.986,135.761,2100000,2103000,venue59
2018-01-03 11:45:00,2018-01-03,42300,0,apmac454,dev454,dev454,6,3,2018-01-03 11:47:00,0,35,13,13122,東京都,葛飾区,apinf454,26,26106,null,京都府,京都市下京区,東塩小路町,東塩小路町,34.986,135.759,3500000,3508000,venue58
2018-01-03 11:00:00,2018-01-03,39600,0,apmac455,dev455,dev455,4,2,2018-01-03 11:12:00,1,20,13,13112,東京都,世田谷区,apinf455,26,26106,null,京都府,京都市下京区,東塩小路町,東塩小路町,34.986,135.759,3500000,3508000,venue57
2018-01-03 11:00:00,2018-01-03,39600,0,apmac456,dev456,dev456,17,9,2018-01-03 11:09:00,1,55,10,10202,群馬県,高崎市,apinf456,26,26106,null,京都府,京都市下京区,東塩小路町,東塩小路町,34.986,135.759,3500000,3508000,venue56
2018-01-03 11:00:00,2018-01-03,39600,0,apmac457,dev457,dev457,5,0,2018-01-03 11:13:00,,,13,13101,東京都,千代田区,apinf457,26,26106,null,京都府,京都市下京区,真苧屋町,真苧屋町,34.989,135.76,3100000,3143000,venue55
2018-01-03 11:00:00,2018-01-03,39600,0,apmac458,dev458,dev458,1,0,2018-01-03 11:04:00,,,13,13103,東京都,港区,apinf458,26,26106,null,京都府,京都市下京区,東塩小路町,null,34.988,135.76,3700000,3728000,venue54
2018-01-03 11:15:00,2018-01-03,40500,0,apmac459,dev459,dev459,5,0,2018-01-03 11:29:00,,,13,13101,東京都,千代田区,apinf459,26,26107,null,京都府,京都市南区,東九条西山王町,null,34.984,135.76,3400000,3406000,venue53
2018-01-03 11:30:00,2018-01-03,41400,0,apmac460,dev460,dev460,2,1,2018-01-03 11:43:00,0,30,14,14109,神奈川県,横浜市港北区,apinf460,26,26106,null,京都府,京都市下京区,東塩小路町,null,34.986,135.761,2100000,2103000,venue52
2018-01-03 11:30:00,2018-01-03,41400,0,apmac461,dev461,dev461,2,0,2018-01-03 11:37:00,,,13,13101,東京都,千代田区,apinf461,26,26106,null,京都府,京都市下京区,東塩小路町,null,34.987,135.76,3500000,3526000,venue51
2018-01-03 11:30:00,2018-01-03,41400,0,apmac462,dev462,dev462,2,1,2018-01-03 11:44:00,0,30,14,14131,神奈川県,川崎市川崎区,apinf462,26,26106,null,京都府,京都市下京区,東塩小路町,null,34.987,135.76,3500000,3526000,venue50
2018-01-03 11:30:00,2018-01-03,41400,0,apmac463,dev463,dev463,2,1,2018-01-03 11:38:00,,,13,13102,東京都,中央区,apinf463,26,26106,null,京都府,京都市下京区,東塩小路町,null,34.987,135.76,null,null,venue49
2018-01-03 11:30:00,2018-01-03,41400,0,apmac464,dev464,dev464,1,1,2018-01-03 11:34:00,1,50,14,14135,神奈川県,川崎市多摩区,apinf464,26,26106,null,京都府,京都市下京区,東塩小路町,null,34.988,135.759,3100000,3123000,venue48
2018-01-03 11:45:00,2018-01-03,42300,0,apmac465,dev465,dev465,2,1,2018-01-03 11:47:00,0,60,23,23441,愛知県,知多郡阿久比町,apinf465,26,26106,null,京都府,京都市下京区,東塩小路町,null,34.987,135.76,null,null,venue47
2018-01-03 11:15:00,2018-01-03,40500,0,apmac466,dev466,dev466,2,1,2018-01-03 11:16:00,,,13,13103,東京都,港区,apinf466,26,26106,null,京都府,京都市下京区,東塩小路町,null,34.987,135.761,3100000,3123000,venue46
2018-01-03 11:15:00,2018-01-03,40500,0,apmac467,dev467,dev467,12,6,2018-01-03 11:21:00,0,30,12,12203,千葉県,市川市,apinf467,26,26106,null,京都府,京都市下京区,大黒町,大黒町,34.989,135.755,3100000,3108000,venue45
2018-01-03 11:00:00,2018-01-03,39600,0,apmac468,dev468,dev468,2,1,2018-01-03 11:07:00,0,30,13,13103,東京都,港区,apinf468,26,26106,null,京都府,京都市下京区,東塩小路町,null,34.987,135.76,3200000,3227001,venue44
2018-01-03 11:45:00,2018-01-03,42300,0,apmac469,dev469,dev469,1,1,2018-01-03 11:54:00,,,13,13109,東京都,品川区,apinf469,26,26106,null,京都府,京都市下京区,東塩小路町,null,34.987,135.761,2100000,2102000/2103000,venue43
2018-01-03 11:45:00,2018-01-03,42300,0,apmac470,dev470,dev470,5,0,2018-01-03 11:57:00,0,60,23,23201,愛知県,豊橋市,apinf470,26,26106,null,京都府,京都市下京区,大黒町,大黒町,34.989,135.755,3100000,3108000,venue42
2018-01-03 11:45:00,2018-01-03,42300,0,apmac471,dev471,dev471,1,0,2018-01-03 11:47:00,0,40,14,14116,神奈川県,横浜市泉区,apinf471,26,26107,null,京都府,京都市南区,東九条室町,null,34.984,135.757,1900000,1913000,venue41
2018-01-03 11:15:00,2018-01-03,40500,0,apmac472,dev472,dev472,1,1,2018-01-03 11:20:00,0,45,12,12104,千葉県,千葉市若葉区,apinf472,26,26106,null,京都府,京都市下京区,東塩小路町,null,34.986,135.761,2100000,2103000,venue40
2018-01-03 11:45:00,2018-01-03,42300,0,apmac473,dev473,dev473,1,0,2018-01-03 11:48:00,,,13,13101,東京都,千代田区,apinf473,26,26106,null,京都府,京都市下京区,東塩小路町,null,34.986,135.761,2100000,2103000,venue39
2018-01-03 11:15:00,2018-01-03,40500,0,apmac474,dev474,dev474,1,0,2018-01-03 11:21:00,,,13,13103,東京都,港区,apinf474,26,26106,null,京都府,京都市下京区,真苧屋町,真苧屋町,34.989,135.76,3100000,3122000,venue38
2018-01-03 11:30:00,2018-01-03,41400,0,apmac475,dev475,dev475,1,0,2018-01-03 11:40:00,,,13,13111,東京都,大田区,apinf475,26,26107,null,京都府,京都市南区,東九条室町,null,34.984,135.757,1900000,1913000,venue37
2018-01-03 11:30:00,2018-01-03,41400,0,apmac476,dev476,dev476,1,0,2018-01-03 11:40:00,,,14,14153,神奈川県,相模原市南区,apinf476,26,26107,null,京都府,京都市南区,東九条室町,null,34.984,135.757,1900000,1913000,venue36
2018-01-03 11:15:00,2018-01-03,40500,0,apmac477,dev477,dev477,1,1,2018-01-03 11:25:00,0,20,12,12,千葉県,null,apinf477,26,26106,null,京都府,京都市下京区,東塩小路町,null,34.986,135.761,2100000,2103000,venue35
2018-01-03 11:15:00,2018-01-03,40500,0,apmac478,dev478,dev478,1,1,2018-01-03 11:25:00,0,55,12,12204,千葉県,船橋市,apinf478,26,26106,null,京都府,京都市下京区,東塩小路町,null,34.986,135.761,2100000,2103000,venue34
2018-01-03 11:15:00,2018-01-03,40500,0,apmac479,dev479,dev479,2,0,2018-01-03 11:26:00,,,13,13103,東京都,港区,apinf479,26,26106,null,京都府,京都市下京区,東塩小路町,null,34.988,135.76,3700000,3728000,venue33
2018-01-03 11:15:00,2018-01-03,40500,0,apmac480,dev480,dev480,1,0,2018-01-03 11:19:00,,,14,14153,神奈川県,相模原市南区,apinf480,26,26106,null,京都府,京都市下京区,東塩小路町,null,34.987,135.76,3500000,3526000,venue32
2018-01-03 11:15:00,2018-01-03,40500,0,apmac481,dev481,dev481,2,1,2018-01-03 11:16:00,1,25,14,14214,神奈川県,伊勢原市,apinf481,26,26106,null,京都府,京都市下京区,東塩小路町,東塩小路町,34.986,135.759,3500000,3508000,venue31
2018-01-03 11:30:00,2018-01-03,41400,0,apmac482,dev482,dev482,1,0,2018-01-03 11:43:00,,,13,13104,東京都,新宿区,apinf482,26,26107,null,京都府,京都市南区,東九条西山王町,null,34.983,135.76,3100000,3148000,venue30
2018-01-03 11:15:00,2018-01-03,40500,0,apmac483,dev483,dev483,2,1,2018-01-03 11:21:00,0,15,13,13210,東京都,小金井市,apinf483,26,26106,null,京都府,京都市下京区,東塩小路町,null,34.987,135.761,3100000,3123000,venue29
2018-01-03 11:45:00,2018-01-03,42300,0,apmac484,dev484,dev484,1,0,2018-01-03 11:55:00,,,14,14153,神奈川県,相模原市南区,apinf484,26,26106,null,京都府,京都市下京区,東塩小路町,null,34.986,135.761,2100000,2103000,venue28
2018-01-03 11:45:00,2018-01-03,42300,0,apmac485,dev485,dev485,8,4,2018-01-03 11:56:00,,,13,13108,東京都,江東区,apinf485,26,26107,null,京都府,京都市南区,東九条室町,null,34.984,135.757,1900000,1913000,venue27
2018-01-03 11:45:00,2018-01-03,42300,0,apmac486,dev486,dev486,1,0,2018-01-03 11:53:00,,,13,13101,東京都,千代田区,apinf486,26,26107,null,京都府,京都市南区,東九条西山王町,null,34.984,135.76,3100000/3400000,3122000/3402000,venue26
2018-01-03 11:30:00,2018-01-03,41400,0,apmac487,dev487,dev487,2,1,2018-01-03 11:42:00,1,45,23,23202,愛知県,岡崎市,apinf487,26,26106,null,京都府,京都市下京区,東塩小路町,null,34.986,135.761,2100000,2103000,venue25
2018-01-03 11:45:00,2018-01-03,42300,0,apmac488,dev488,dev488,8,4,2018-01-03 11:58:00,0,40,13,13115,東京都,杉並区,apinf488,26,26106,null,京都府,京都市下京区,東塩小路町,東塩小路町,34.986,135.759,3500000,3508000,venue24
2018-01-03 11:45:00,2018-01-03,42300,0,apmac489,dev489,dev489,8,4,2018-01-03 11:52:00,0,35,13,13123,東京都,江戸川区,apinf489,26,26106,null,京都府,京都市下京区,東塩小路町,null,34.986,135.761,2100000,2103000,venue23
2018-01-03 11:45:00,2018-01-03,42300,0,apmac490,dev490,dev490,2,0,2018-01-03 11:59:00,0,20,23,23302,愛知県,愛知郡東郷町,apinf490,26,26106,null,京都府,京都市下京区,東塩小路町,null,34.986,135.761,2100000,2103000,venue22
2018-01-03 11:45:00,2018-01-03,42300,0,apmac491,dev491,dev491,1,0,2018-01-03 11:46:00,,,13,13104,東京都,新宿区,apinf491,26,26107,null,京都府,京都市南区,東九条上殿田町,null,34.983,135.759,3200000,3213000,venue21
2018-01-03 11:15:00,2018-01-03,40500,0,apmac492,dev492,dev492,1,0,2018-01-03 11:20:00,,,13,13101,東京都,千代田区,apinf492,26,26106,null,京都府,京都市下京区,東塩小路町,null,34.987,135.757,2100000,2102000,venue20
2018-01-03 11:30:00,2018-01-03,41400,0,apmac493,dev493,dev493,6,3,2018-01-03 11:41:00,,,13,13111,東京都,大田区,apinf493,26,26106,null,京都府,京都市下京区,東塩小路町,null,34.987,135.757,2100000,2102000,venue19
2018-01-03 11:30:00,2018-01-03,41400,0,apmac494,dev494,dev494,2,1,2018-01-03 11:32:00,0,45,12,12104,千葉県,千葉市若葉区,apinf494,26,26106,null,京都府,京都市下京区,東塩小路町,null,34.986,135.761,2100000,2103000,venue18
2018-01-03 11:15:00,2018-01-03,40500,0,apmac495,dev495,dev495,6,3,2018-01-03 11:29:00,0,30,13,13204,東京都,三鷹市,apinf495,26,26106,null,京都府,京都市下京区,東塩小路町,東塩小路町,34.986,135.759,3500000,3508000,venue17
2018-01-03 11:15:00,2018-01-03,40500,0,apmac496,dev496,dev496,1,0,2018-01-03 11:17:00,,,13,13102,東京都,中央区,apinf496,26,26106,null,京都府,京都市下京区,真苧屋町,真苧屋町,34.989,135.761,3100000,3167000,venue16
2018-01-03 11:45:00,2018-01-03,42300,0,apmac497,dev497,dev497,11,5,2018-01-03 11:59:00,0,30,12,12203,千葉県,市川市,apinf497,26,26106,null,京都府,京都市下京区,東塩小路　高倉町,null,34.984,135.759,3100000,3122000/3173000,venue15
2018-01-03 11:45:00,2018-01-03,42300,0,apmac498,dev498,dev498,1,0,2018-01-03 11:53:00,,,13,13101,東京都,千代田区,apinf498,26,26106,null,京都府,京都市下京区,東塩小路町,null,34.988,135.76,2100000,2102001/2103000,venue14
2018-01-03 11:30:00,2018-01-03,41400,0,apmac499,dev499,dev499,17,0,2018-01-03 11:43:00,1,35,23,23202,愛知県,岡崎市,apinf499,26,26107,null,京都府,京都市南区,東九条西山王町,null,34.984,135.76,3400000,3401008,venue13
2018-01-03 11:00:00,2018-01-03,39600,0,apmac500,dev500,dev500,1,0,2018-01-03 11:03:00,,,14,14153,神奈川県,相模原市南区,apinf500,26,26106,null,京都府,京都市下京区,東塩小路町,null,34.987,135.761,3100000,3123000,venue12
2018-01-03 11:00:00,2018-01-03,39600,0,apmac501,dev501,dev501,2,0,2018-01-03 11:13:00,0,40,14,14109,神奈川県,横浜市港北区,apinf501,26,26106,null,京都府,京都市下京区,真苧屋町,真苧屋町,34.989,135.76,3100000,3122000,venue11
2018-01-03 11:30:00,2018-01-03,41400,0,apmac502,dev502,dev502,1,0,2018-01-03 11:30:00,,,13,13101,東京都,千代田区,apinf502,26,26107,null,京都府,京都市南区,西九条鳥居口町,null,34.983,135.756,3000000,3001000,venue10
2018-01-03 11:30:00,2018-01-03,41400,0,apmac503,dev503,dev503,1,0,2018-01-03 11:44:00,,,14,14153,神奈川県,相模原市南区,apinf503,26,26106,null,京都府,京都市下京区,東塩小路町,null,34.987,135.76,3500000,3526000,venue9
2018-01-03 11:30:00,2018-01-03,41400,0,apmac504,dev504,dev504,1,0,2018-01-03 11:42:00,,,13,13103,東京都,港区,apinf504,26,26106,null,京都府,京都市下京区,東塩小路町,東塩小路町,34.986,135.759,3500000,3508000,venue8
2018-01-03 11:30:00,2018-01-03,41400,0,apmac505,dev505,dev505,2,0,2018-01-03 11:37:00,1,45,13,13227,東京都,羽村市,apinf505,26,26106,null,京都府,京都市下京区,東塩小路町,null,34.986,135.761,2100000,2103000,venue7
2018-01-03 11:30:00,2018-01-03,41400,0,apmac506,dev506,dev506,1,0,2018-01-03 11:40:00,,,14,14153,神奈川県,相模原市南区,apinf506,26,26106,null,京都府,京都市下京区,東塩小路町,null,34.986,135.761,2100000,2103000,venue6
2018-01-03 11:30:00,2018-01-03,41400,0,apmac507,dev507,dev507,5,3,2018-01-03 11:42:00,0,20,23,23114,愛知県,名古屋市緑区,apinf507,26,26106,null,京都府,京都市下京区,東塩小路町,東塩小路町,34.986,135.759,3500000,3508000,venue5
2018-01-03 11:30:00,2018-01-03,41400,0,apmac508,dev508,dev508,2,0,2018-01-03 11:31:00,,,13,13103,東京都,港区,apinf508,26,26106,null,京都府,京都市下京区,粉川町,粉川町,34.99,135.76,3100000,3123000,venue4
2018-01-03 11:30:00,2018-01-03,41400,0,apmac509,dev509,dev509,1,1,2018-01-03 11:38:00,,,13,13111,東京都,大田区,apinf509,26,26106,null,京都府,京都市下京区,東塩小路町,null,34.988,135.76,3700000,3728000,venue3
2018-01-03 11:30:00,2018-01-03,41400,0,apmac510,dev510,dev510,4,2,2018-01-03 11:42:00,0,30,14,14131,神奈川県,川崎市川崎区,apinf510,26,26106,null,京都府,京都市下京区,東塩小路町,null,34.988,135.759,3100000,3123000/3173000,venue2
2018-01-03 11:30:00,2018-01-03,41400,0,apmac511,dev511,dev511,7,4,2018-01-03 11:41:00,0,30,12,12203,千葉県,市川市,apinf511,26,26106,null,京都府,京都市下京区,東塩小路　高倉町,null,34.984,135.759,3100000,3122000/3173000,venue1
2018-01-03 11:30:00,2018-01-03,41400,0,apmac512,dev512,dev512,1,0,2018-01-03 11:40:00,,,14,14153,神奈川県,相模原市南区,apinf512,26,26106,null,京都府,京都市下京区,東塩小路町,null,34.986,135.761,2100000,2103000,venue0
